file_name,category,ground_truth,ocr_tesseract
0001.jpg,noisy,SPRACHCAFE WEIHNACHTSFEIER DIENSTAG 21.12. OLOF-PALME ZENTRUM 19 UHR WIR FREUEN UNS AUF EUCH!,"√ÑCHCAFE‚Äî&
aHTSFELER

DIENSTAG 21.12.
OLOF-PALME ZENTRUM ‚Äî
19 UHR

WIR FREUEN UNS AUF EUCH!"
0002.jpg,noisy,"SCHLIESST EUCH AN! ET Video & Content nichtohneuns_Dresden KUNDGEBUNG #SOLIDARIT√ÑT MIT ALLEN! BERICHTE: WIE WAR DIE BERLIN-DEMO WIRKLICH? Dresden, Gro√üer Garten, 8.8. um 16 Uhr","#SOLIDARIT√ÑT MIT ALLEN!

BERICHTE: WIE WAR DIE BERLIN-DEMO WIRKLICH?

Dresden, Gro√üer Garten, 8.8. um 16 Uhr

CT"
0003.jpg,noisy,"¬ªES IST GESCHEHEN UND FOLGLICH KANN ES WIEDER GESCHEHEN.¬´ Primo Levi Gedenkkundgebung und antifaschistische Demonstration Mahnmal Levetzowstra√üe, Berlin-Moabit 9. November 1938‚Äì2023 18:00 Uhr 85 Jahre nach den Novemberpogromen; Solidarit√§t mit den Opfern des deutschen Antisemitismus und Rassismus! 9november.blackblogs.org","Gedenkkundgebung und

antifaschistische Demonstration

)) Mahnmal Levetzowstra√üe, Berlin-Moabit
9. November

18:00 Uhr

& [Sj
WWIEDER GEBGHEHEN.

|

85 Jahre nach den Novemberpogromen;
Solidarit√§t mit den Opfern des
Onovember.blackblogs.org deutschen Antisemitismus und Rassismus!"
0004.jpg,noisy,"FEIERABEND SINGEN KULTUR NETZ Meiendorf IMMER UM 17.00 UHR JEDE*R IST ‚ô•-LICH WILLKOMMEN! MITTWOCH, 21. JUNI 2023 Wo: Grundschule Islandstra√üe, Islandstra√üe 25","√ñ

A JEDEIR IST o-LS%WILLKQMMENL√Ñ

S"
0006.jpg,noisy,IHR HABT UNS DIE STADT GESTOHLEN GEBT SIE WIEDER HER! ZUKUNFT STATT OSTKREUZ CAMPUS DEMO GEGEN GENTRIFIZIERUNG 09. JULI 2022 / 15:00 UHR,"Aul
DEMO GEGEN GENTRIFIZIERUNG
Na 2022 / 15:00 UHR"
0007.jpg,noisy,9. Mai 2024 Demo Herrentag Tag der Befreiung! 13h Ostkreuz (Seite Sonntagstra√üe),
0009.jpg,noisy,"OMAS GEGEN RECHTS Benefizabend am 10. Mai 2022, 19:30 Uhr Ateliertheater, Burggasse 71, 1070 Wien Anmeldung: www.ateliertheater.wien Harri Stojka Shlomit Butbul Klezmer Reloaded The English Lovers Aret Aleksanyan ¬∑ Muamer Budimlic ¬∑ Margaret Carter Caroline Koczan ¬∑ Ingrid Porzner ¬∑ Monika Salzer ¬∑ Susanne Scholl Jenny Simanowitz ¬∑ Kathy Tanner ¬∑ Vira Zhuk und OMAS-ON-STAGE ATELIERTHEATER Eintritt frei",>|\g|_AS√úI:'GEI5!REM
0010.jpg,noisy,GRUNDGESETZ MEDITATION 02.05.2020 15:30 UHR REWE BLIESKASTEL,"GRU#@ESETZ
MEDITARION
02.05/2020 15:30 UHR
REWELBLIESK√ÑASTEL"
0011.jpg,noisy,SAVE THE DATE Am 11. Januar 2025 nach Riesa PROTEST GEGEN DEN AFD- BUNDESPARTEITAG STOPPT DIE AfD Aufstehen-gegen-Rassismus.de,"Z Am II |anuar 2025 al

\A 5E S 5
C ‚Äû55*_¬´‚Äöw nach Riesa ; f jg% A

(""‚Äöl ?'?;v‚Äû‚Äû-"
0012.jpg,noisy,"DEMOKRATISCHER Sommer www.nichtohneuns.de NICHT OHNE UNS! in Berlin 29. August 20202 Gro√üdemo mit bis zu 5.000.000 Teilnehmern. NICHT OHNE UNS! Europe in Berlin 29. August Parade und Kundgebung f√ºr das Grundgesetz und eine Basis-Demokratische Wende Saturday, the 29.8.2020 Berlin invites Europe Nicht Ohne Uns!","@@√§Ô¨Å OKRATISCHER

www.nichtohneuns.de
!_ in Berlin 29. August 20202 Gro√üdemo mit bis zu 5.000.000 Teilnehmern.

Saturday, the 29.8.2020

Berlin invites Europe ."
0013.jpg,noisy,BERLIN ORT: ORANIENPLATZ KUNDGEBUNG 19. FEB ‚Äì 14 UHR ERINNERN HEISST K√ÑMPFEN! 3 JAHRE NACH HANAU Ferhat Unvar ¬∑ G√∂khan G√ºltekin ¬∑ Vili-Viorel PƒÉun ¬∑ Sedat G√ºrb√ºz ¬∑ Mercedes Kierpacz ¬∑ Kaloyan Velkov ¬∑ Said Nesar Hashemi ¬∑ Fatih Sara√ßoƒülu ¬∑ Hamza Kenan Kurtoviƒá WIR FORDERN EINE L√úCKENLOSE AUFKL√ÑRUNG UND KONSEQUENZEN! RASSISMUS UND FASCHISMUS ENTSCHLOSSEN BEK√ÑMPFEN!,"BERLIN oer: oranƒ±eNPLATZ

19.FEB - 14 UHR

ERINNERN HEISST K√ÑMPFEN!

WIR FORDERN EINE L√úCKENLOSE AUFKL√ÑRUNG UND KONSEQUENZEN!
RASSISMUS UND FASCHISMUS ENTSCHLOSSEN BEKAMPFEN!

E A

WE B l T mi ] ¬Æ"
0014.jpg,noisy,HACK SEXISM Brosch√ºren-Release 5. Juli 2023 ://about blank 18:30 Einlass // 19 Uhr Start Strategien und Ma√ünahmen gegen Sexismus und sexualisierte Gewalt auf Festivals & Co MBI NYP,
0015.jpg,noisy,"FR., 28. JUNI RAVE DEMO BASS GEGEN HASS 19 UHR, ESSEN HBF","[FR., 28. JUNI [

‚Äî19 UHR,
SSSEN He:s"
0016.jpg,noisy,WORKSHOP Do it Yourself Bau dein eigenen PC und Smartphone Wo? Mittelpunktbibliothek Treptow Wann? Samstag 16.11.2024 *11 bis 13 Uhr Jetzt Anmelden! PS: Alte/eigene Ger√§te k√∂nnen zum erforschen mitgebracht werden!,"Bau dein eigenen PC und Smartphone

Wo?
? Mittelpunktbibliothek Treptow
PS: Alte/eigene Ger√§te k√∂nnen
Wann? ;
zum erforschen mitgebracht
O samstag 16.11.2024

. werden!
*11 bis 13 Uhr"
0017.jpg,noisy,"76 Jahre Befreiung vom Faschismus Erinnern hei√üt K√ÑMPFEN! Sa, 08.05.2021 Gedenken 10:00‚Äì18:00 Uhr Sowjetisches Ehrenmahl Buch Kundgebung 15:00 Uhr Vortreffungspunkt 14:30 Uhr Bahnsteig S-Pankow","78 Ian

‚Äî Befreiung vom Fasch]H'nus
TE ‚Äöx heifst
ER

Sa, 08.05.2021
Gedenken 10:00-18:00 Uhr
Sowjetisches Ehrenmahl Buch
Kundgebung 15:00 Uhr

Vortreffungpunkt 14:30 Uhr
Bahnsteig S-Pankow L"
0018.jpeg,noisy,KUNDGEBUNG & AUFZUG DURCH KASSEL Nein zur Impfpflicht! √Ñrzte sprechen Klartext! 29. JANUAR 2022 14.00 UHR K√ñNIGSPLATZ KASSEL FREIE B√úRGER KASSEL F√úR FRIEDEN & FREIHEIT,"A-  nlmpfpfhcht'
Arzte sprechen Klartext'
‚Ç¨ 4 29 JAN√úA,R 2[pzz "";‚Äî‚Äòf;‚Äö_'x?_j

70 U HR K
. kONIGSPLNTZ KASSEL

‚Äò$

\"
0019.jpg,noisy,antifaschistische RALLY START BRENNER-BERG ZWISCHEN 12 UND 16 UHR 15.5. 16.5.,"i
antirfaschistisch c

RALLY ‚Äù

Zukun"
0020.jpg,noisy,DEMONSTRATION SONNTAG 06.09.2020 SCH√úLER/-INNEN GEGEN DIE MASKENPFLICHT! WANN: 15:30 UHR WO: MEISTERSINGERHALLE N√úRNBERG. TOLLE REDNER MODERATOR (NANA LIFESTYLER) GUNNAR KAISER U.V.M. IMPRESSUM: SCH√úLER/-INNEN GEGEN DIE MASKENPFLICHT (DEUTSCHLAND) ADRIANBOOKING2019@GMAIL.COM,"DEMONSTRATION

SONNTAG 0F@19.2020;

1, S M
SCH√úLER/-IN GEN
DIE MASKENPFLICHT!._ _
WANN: 15:30 UHR
WO: MEISTERSINGERHALLE

N√úRNBERG
S
TULLEHEDNER N ‚Äú‚Äú‚ÄúY9*

MODERATOR
(NANA LIFESTYLER)
IMPRESSUM:SCH√úLER/-INNEN/GEGEN]DIE MASKENPFLICHT, [nzurscnuun]
an / |fall;\Ô¨ÇlL""√ºl¬´?'L"
0022.jpg,noisy,"AKTION RESISTENZ FRUSTRATION GEMEINSAMKEIT WIDERSTAND HOFFNUNG AUFSCHREI BEST√ÑRKUNG NETZWERK ISOLATION RESILIENZ SOLIDARIT√ÑT TRAUER FLUCHT AUSBEUTUNG NEUANFANG 1 JAHR TALIBAN REGIME DEMO: SAMSTAG, 13.08.2022 14.00 UHR, AUSW√ÑRTIGES AMT PROTEST CAMP BERLIN 13.08.2022 ‚Äî 15.08.2022 WORKSHOPS PERFORMANCES REDEBEITR√ÑGE #DONTFORGETAFGHANISTAN","AKTION RESISTENZ FRUSTRATION
GEMEINSAMKEIT WIDERSTAND HOFFNUNG
AUFSCHREI BEST√ÑRKUNG NETZWERK

ISOLATION RESILIENZ SOLIDARIT√ÑT
TRAUER FLUCHT AUSBEUTUNG NEUANFANG

JAHR

TALIBAN
REG

DEMO: SAMSTAG, 13.08.2022
14.00 UHR, AUSWARTIGES AMT
PROTEST CAMP BERLIN
13.08.2022 ‚Äî 15.08.2022

WORKSHOPS PERFORMANCES REDEBEITR√ÑGE

#DONTFORGETAFGHANISTAN"
0023.jpg,noisy,09. Mai 15.30 Uhr Biberach Gigelberg angemeldete DEMO Wahrung der Grundrechte freie Impfentscheidung Art.1: Die W√ºrde des Menschen ist unantastbar.... Art.2: Die Freiheit der Person ist unverletzlich... Art.5: Eine Zensur findet nicht statt... WICHTIG bitte Mindestabstand einhalten sonst k√∂nnte die Veranstaltung aufgel√∂st werden,"15.30 Uhr Biberach Gigelberg \
angemeldete DEMO __
Wahrung der Grundrechte *‚Äî
freie Impfentscheidung

Ar
nn ¬© / WICHTIG
indestabstand einhalten

PIC-COLLAGE"
0024.jpg,noisy,"ONE BILLION RISING HANAU Weltweit tanzen an diesem Tag Menschen gegen Gewalt an Frauen 14. Februar, 16 Uhr Marktplatz Macht mit! Tanzt mit! 2017 ONE BILLION RISING HANAU onebillionrising.org onebillionrising.de Schirmherr: Claus Kaminsky Oberb√ºrgermeister Eine weltweite Aktion gegen Gewalt an Frauen","UNE DILLIUN NISJINUG

HANAU

Weltweit tanzen an diesem Tag Menschen
gegen Gewalt an Frauen

14.Februar, 16 Uhr
Marktplatz 3n

¬Æ F
weltweite
¬Æ . Aktion

ONE BILLION RISING gegen Gewalt
Schirmherr: Claus Kamin . . an Frauen"
0025.jpg,noisy,Noch drei Wochen bis zu den Landtagswahlen. IN ZWICKAU SIND WIR STARK GEGEN RECHTEN QUARK! +++ SA 17.08. 13:30 Uhr Hauptbahnhof +++ SACHSEN UNTERST√úTZEN. STOPPT DIE AfD,
0026.jpg,noisy,Kultur & Strasse FESTIVAL About Blank Berlin 21. Juli 2024 13:00 ‚Äì 22:00 Uhr EINTRITT FREI!,
0027.jpg,noisy,"A100 WEGBASSEN! FAHRRADDEMO gegen die A100 vom Verkehrsministerium zu ""A100 wegbassen"" am Ostkreuz 2.9. um 14 Uhr Invalidenpark",
0028.jpg,noisy,"CORONA IST NICHT DAS PROBLEM nichtohneuns_Dresden ET Video & Content KUNDGEBUNG EINE WIRTSCHAFTSKRISE? Dresden, Neumarkt, 20.6. um 16.30 Uhr","tJlmeims Dresd L

KUNDGEBUNG"
0029.jpg,noisy,"Zukunft am Ostkreuz, Laskerstra√üe 5, 10245 Berlin Keine Zukunft f√ºrs Ostkreuz Gegen die K√ºndigung der Zukunft am Ostkreuz zum 31.03.22 Ohne Zukunft am Ostkreuz 13.11. Kiezdemo und Kundgebung 13 Uhr Rudolfplatz 3.12. Aktionstag Zukunft F√ºr Erhalt und langfristige Sicherung von kulturellen Zwischenr√§umen ‚Äì f√ºrs Ostkreuz und ganz Berlin.","luuunh am

‚Äî Keiuie
Zukunfrt

f√ºrs Ostkreuz

DE die

K fgung der
Eunft am
DStkreuz zum
81.03.22

am Ostkreuz

13.11. Kiezdemo und.Kundgebung
13 Uhr Rudolfplatz‚Äò
SAg Zukung

D ige Sicherung f
S henr√§umen -
A anz Berlin."
0030.jpg,noisy,"SCHLUSS MIT CORONA! ET Video & Content nichtohneuns_Dresden KUNDGEBUNG GENUG MIT DER ANGST! Dresden, Neumarkt, 13.6. um 16.30 Uhr","Dresden, Neumarkt‚Äö 13 6 um 16. 30 Uhr‚Äò"
0031.jpg,noisy,TECHNOPUNK GEGEN UNHALTBARE ZUST√ÑNDE 14.10.2021 DEMO 18 UHR HERMANNPLATZ FAHRRAD-DEMO 20 UHR SCHILLINGBR√úCKE #k√∏pibleibt,"TECHNOPUNK GEGENE. 4

UNHA!TRARE ZUST√ÑNDE‚Äù
20 UHR SCHILLNGBR√úCKE.

#Kepibleibt"
0032.jpg,noisy,"WORKSHOP EINF√úHRUNG DADAISMUS Von der Uhr zur Kunst 16.01. & 18.01.2025 // 15 - 18:00 Uhr Mit Daniel Carrion Teilnahme: 10,- EUR NOCHMALL.DE/EVENTS/ Powered by BSR","EINF√úHRUNG

DAIAISMUS"
0035.jpg,fancy,F√úRSTENFELDER Salvator Neue Z√§hne bei√üen gut: Kr√ºgelredner Stefan KR√ñLL! Das Starkbierfest 17.02.2024 - 20.00 Uhr,"‚Äî F√úRSTENFELDER ‚Äî
@√ü

‚Äùe‚Äûe Z..
5 0/)‚Äû
w helBen Ut:
rll_qe/,ed‚Äûe A

r
KR√ñLL ‚ÄöS' Jan

‚Äû _ Das Starkbierfest
17.02.2024 - 20.00 Uhr

\"
0036.jpg,fancy,Limited Booze Boys FREITAG ab 19:00 Party + Live Band 21. STOCK CAR RENNEN HARTHA RENNSTRECKE HEEGWEG Betreutes Trinken LETZTES WE IM OKTOBER VERD√ÑCHTIG GUTE EVENTS 03 431 - 611 367,
0037.jpeg,fancy,FREE ALL ANTIFAS! FREIHEIT F√úR NANUK! KEINE AUSLIEFERUNG VON ANTIFAS NACH UNGARN! 18. M√ÑRZ 19 UHR | U-BHF TURMSTR | DEMO FREENANUK.NOBLOGS.ORG | BASG.NEWS,
0039.jpeg,fancy,VOM STAAT VERKNACKT UND TROTZDEM DA FREE ALL ANTIFA #FREE NANUK TAG DER POLITISCHEN GEFANGENEN DEMO BERLIN 18.03.25 | 19‚Å∞‚Å∞ U-BHF. TURMSTR.,"A
7F HA
1.&n [ '-I‚Äû

(

n.u.H.. √Ñ√§'.

A

H!!

- _.r.‚Äû_m.

-l.l‚Äî x\ n S

H\‚Äònh\ Y‚Äî ‚Äî p |..u Y
a √ü
LL A

""it

wu.lÔ¨Çl √Ñ:

LL
-‚Äú

DEMO R

* TAG DER *
POLITISCHEN
GEFANGENEN

‚Äî‚Äî

s"
0040.jpeg,fancy,"SOLI-FESTIVAL 1. M√§rz 2025, 12 - 0 Uhr UNSERE STIMMEN SOLL MAN H√ñREN! M√ºhlstrasse 14 e.V. Soziokulturelles Stadtteilzentrum Leipzig AMNESTY INTERNATIONAL","SOLI-FESTIVAL

1. M√§rz 2025‚Äö

UNSERE
SOLL MAN
H√ñREN/

r
{ %
W A

e"
0041.jpg,fancy,"50 JAHRE RUMBLE IN THE JUNGLE Podium: Martin Krau√ü (Sportjournalist, taz) Dr. Michela Wrong (britische Journalistin) Fabian Kunow (Moderation) Film: When we were Kings (1997) Mo., 25. Nov., 19 Uhr ://about blank Markgrafendamm 24c, 10245 Berlin","50 JAHRE RUMDLE IN THE JUNGLE
‚Äî ] Podium:

| Martin Krau√ü

{Sportjoumalist, taz)

| Dr. Michela Wrong

| _ (eritische Journalistin)
Fabian Kunow

(Moderation)

Film: When we were Kings (1997)

Mo., 25. Nov., 19 Uhr
://about blank
Markgrafendamm 24c, 10245 Berlin"
0043.jpg,fancy,STABIL BLEIBEN UND MASSENHAFT WIDERSETZEN! LIVE DABEI: ‚òÖ ZSK ‚òÖ UND WEITERE ACTS! ‚Ä¢ 11. JANUAR 2025 ‚Ä¢ ALLE NACH RIESA ‚Ä¢ KUNDGEBUNG GEGEN AFD-PARTEITAG!,"STABIL
3LEIBEN

MARSSENHAFT WIDERSETZEN!

UuND

‚Äú UND WEITERE ACTS!

O al ‚Äî _

- 11. JANUAR 2025 ¬∞ ALLE NACH RIESA ¬∞"
0044.jpg,fancy,NICHT OHNE UNS! DORTMUND jeden Samstag 14:30 Uhr - Willy-Brandt-Platz UNSERE DEMOKRATIE IST INFIZIERT! antik√∂rper JETZT!,"NICHT OHNE UNS! DORTMUND

jeden Samstag 14:30 Uhr - Willy-Brandt-Platz"
0045.jpeg,fancy,ACHTUNG NEUE VERSAMMLUNGSFL√ÑCHE! GROSSDEMO KASSEL Fr√ºhlingserwachen ‚Äì Die Welt steht auf! ‚ÄûWir werden ALLE da sein!‚Äú KARLSWIESE / ORANGERIE KASSEL WELTWEIT ‚Äì ALLE ZUSAMMEN 1 TAG ‚Äì 1 ZIEL WELTWEIT ‚Äì ALLE ZUSAMMEN IN DER MITTE DEUTSCHLANDS 20.03.2021 12:00 ‚Äì 16:00 UHR MIT ANSCHLIESSENDEM AUFZUG LIVESTREAMS AUS ALLER WELT #Zusammenhalt statt Spaltung,"GROSSDEMO
‚Äû.¬´¬´ 5 KASSEL -

v‚Äô:mmlmj5a/ Wwachen -

Die Well slcht auf!
KARLSWIESE / ORANGERIE KASSEL

WELTWEIT - ALLE ZUSAMMEN

1TAG - 1ZIEL
WELTWEIT - ALLE ZUSAMMEN

IN DER MITTE DEUTSCHLANDS
20.03.2021

‚Äû 12:00 - 16 00 UHR

l/|‚Äö$

4Q k &q -
&R Ms ‚Äú""‚Äò"
0046.jpeg,fancy,h48 Pl√∂tzlich Meerjungmensch Die beste (nicht)Karnevals-Kost√ºm Party Berlins 01. M√§rz 2025 AB 20 UHR PROJEKTRAUM HERMANNSTRABE 48 LINE UP DJ KETCHUP (SPICY BASS / BREAKBEAT) DJ TDIPPZ (HAPPY HARDCORE) + KOST√úMWETTBEWERB + PARTYSPIELE *VERKLEIDUNG ERW√úNSCHT. EGAL WAS!*,"&01. M√ÑRZ 2025

Xx

AR Z0OUHR LINE U¬Æ
[ ‚Äò KETOHUP
4 (M‚ÄòITN""WT)
PROJSKTRAUM 9 d
HERMANNNTRARE 43 an -
‚ÄûPARTYBTIELG

AYZKLZIDUNG SiN√úNGSGT, Z6AL WAY"
0047.jpg,fancy,"15 JAHRE JUBIL√ÑUMSSHOW GOITZSCHE FRONT WILLKUER Berserker Berlin UBER EATS MUSIC HALL BERLIN, 28.09.2024 EINLASS: 18.30 UHR","N Bers erkex
? erlin
UBER EATS MUSIG HALL
√§BERLIN‚Äö 28.08.20E |

EINLASS: 18.30 UHR 7 }"
0049.jpg,fancy,"Rock'n'Roll Silvester BOPPIN'B Manu Tanzratte LEE'S REVENGE Silvester- & Wunschfeuer auf der Terrasse Killer Kirsche copper and blonde Di. 31.12.2024 Beginn 20:30 Uhr (Einlass 20 Uhr) Eintritt: 25 ‚Ç¨ + VVK | Sp√§teinlass (ab 22:30 Uhr, nur Abendkasse): 15 ‚Ç¨ B√ºrgerhaus Dreieich Fichtestr. 50 | 63303 Dreieich","Di. 3112.2024 ‚Äî

Beginn 20:30 Uhr (Einlass 20 Uhn)

Eintritt: 25 ‚Ç¨ + VVG | Sp√§teinlass (albƒ± 22:30 Uhr, nur Abendkasse): 15 ‚Ç¨

B√ºrgerhaus Dreieich X<

Fichtestr. 50 | 63303 Dreieich DREIEICH"
0050.jpg,fancy,"Einladung zur bewegten Versammlung Miteinander zur Freude Samstag, 15. August ab 17:30 vom Friedensengel zur M√ºnchner Freiheit Die Ma√ünahmen der letzten Zeit haben uns allen viel abverlangt Mit Musik und guter Laune ziehen wir gemeinsam durch M√ºnchen und holen uns die LEBENSFREUDE zur√ºck!","Einladung zur bewegten Versammlung
Mliteinander

Samstag, 15. August ab 17:30
vom Friedensengel
zur M√ºnchner Freiheit

Die 7‚Äò4%nafunm der letzen Zeit haben uns allen Viel abverlangt.

Mit Musik und guter Laune zighen Wir gemeinsam durch
M√ºnchen z//zd/zalenunsdze LEBENS) F;.E'LLDEW*"
0051.jpg,fancy,bEwegunGS FREIHEIT #23 29.12.2023 ://ABOUT BLANK SOLIPARTY F√úR MENSCHEN MIT FLUCHTGESCHICHTE,"EIT #23

.IPARTY F√úR MENSCHEN
‚Äö MIT FLUCHTGESCHICHTE"
0052.jpeg,fancy,"01.03.2025 Punk Against Gentrification Gemeinsam gegen das Clubsterben ni-jusan AUF KRAMPF LADEHEMMUNG Einlass : 19 Uhr Beginn : 20 Uhr VVK : 13,12‚Ç¨   AK : 15‚Ç¨ Wo : SOLTMANN","Tickets_ 01.03.2025
5 Punk Agailsta
S Gentrificslgen ‚Äî

. E E \¬´v¬Æ
Einlass: 19Uhr. DA
Beginn:; 20 Uhr. ‚Äú
VVK:13,12‚Ç¨ AK: /

Wo:: SOLTMANNIE

B"
0054.jpg,fancy,MAGISCHES F√úRSTENFELD 5. + 6. Januar 2025 Zaubervariet√© f√ºr die ganze Familie JANIS VON DEM BORNE MARION METTERNICH DETLEF WINTERBERG,"Zaubervariete
f√ºr die ganze Famile"
0055.jpg,fancy,"Soliparty f√ºr Frauen auf der Flucht (ROSA e.V.) DYNAMIC x EUPHORIOT 7.3.2025, 23‚Äì7 Uhr ://about blank SKYY YU/VA TIKITULA POWPOW MAARTEN KETRAEDA FUCHSITEK MISS PIXIE JULE BAMBULE GRETCHEN BAZOOKA SHANNON SOUNDQUIST HAVYLICOUS B2B GINGER B Tekno, Gabber, Frenchcore + Karaoke Markgrafendamm 24c, 10245 Berlin Fascists not welcome!",
0057.jpg,fancy,HOCUS POCUS DIE INTERNATIONALE ZAUBERGALA MIT SORIA IENG ALBERTO GIORGI & LAURA SVEN HEUBES & SABRINA MAGIC DORIAN ANDY JORDAN MARC OBERON MODERATION BERT CALLENBACH 13. & 15.5.2022 VERANSTALTUNGSFORUM F√úRSTENFELD - STADTSAAL F√úRSTENFELD 12 ‚Ä¢ 82256 F√úRSTENFELDBRUCK ‚Ä¢ KARTEN AB 27‚Ç¨ AUF F√úRSTENFELD.RESERVIX.DE,"DIE
INTERNATIONALE
ZAUBERGALA

SORIA IENG
ALBERTO GIORGI & LAURA
SVEN HEUBES & SABRINA ‚Äô

|
|
|| MAGIC DORIAN
| ANDY JORDAN
MARC OBERON

BERT CALLENBACH

3. & 15.5.2022
M F√úRSTENFELD - STADTSAAI

VERANSTALTUNGSFORU"
0059.jpg,fancy,"KIEZ COMEDY smash comedy 8. M√§rz, 19 Uhr, KUFA Moabit FLINTA* STAND UP COMEDY BERLIN Sozialraumorientierte Planungskoordination Gef√∂rdert durch die Stadtteilkasse","N]

, 8. M√ÑRZ, 19 UHR, KUFA MOABIT er ¬£.4
‚Äî FLINTA¬Æ STAND UP COMEDY .

La"
0060.jpg,fancy,"POETRY B'N'B DEIN FAST PRIME-TIME POETRY SLAM 26. April 2024, 20.12 Uhr DAS GROSSE FINALE Eine Kooperation von Brakula Kultur in Bramfeld BIM Kulturzentrum auf KulTour","T PRIME-TIME PUHRY U\M

7 W 24 2012

Eine Kooperation von"
0061.jpg,fancy,Freedom Parade Die Verleihung der roten Clownsnase durch Captain Future an Dr. Drosten 01.10.2020 ab 10:00 Uhr vorm Schloss Bellevue GRAFIK: LASERURCH.DE,": Freedom Parade

Die Verleihung der coten C (@umnsnase.
3‚Äû:t‚Äû Carhin ""¬£‚Äú'‚Äú anDr. Droste

A

20¬∞ HDINTS2SE7 :Aya9

Z

vorm Schloss Bellewe"
0062.jpg,fancy,"B!M Kulturzentrum SEI DABEI! LESECLUB HORIZONTE ERWEITERN WELTEN ERLESEN. LESECLUB Montags von 14.00 ‚Äì 15.30 Uhr f√ºr alle Kinder zwischen 9 und 12 Jahren im Gymnasium Meiendorf, Raum 804, Kreuzbau, Schierenberg 60 Leseklubs Stiftung Lesen GYMNASIUM MEIENDORF LESECLUB MEIENDORF","B ‚Äô M Kultur-
¬Æ zenfrum

HON ZONTE

JERWEITERN
‚ÄîWELTENTERLESEN

l f√ºr alle Kinder zwischen 9 und 12 Jahren
im Gymnasium Meiendorf, Raum 804, Kreuzbau, Schierenberg 60

SYMNASDENM
VENBNDERE"
0063.jpg,fancy,DEMO STOPPT DIE GASLOBBY soziale Klima- und Energiepolitik gegen die European Gas Conference POWER TO THE PEOPLE 28. M√§rz 17:30 Uhr Stephansplatz @systemchange.not.climatechange,"STOPPT DIE
GASLOBBY

17:30 Uhr
Stephansplatz

@systemchange.not.climatechange"
0064.jpg,fancy,"KIEZFEST KIEZKLUB Treptow-Kolleg Samstag, 1. Juli 2023 von 14 ‚Äì 18 Uhr Er√∂ffnung durch Frau Weingart Stellvertretende Bezirksb√ºrgermeisterin und Leiterin der Abteilung Soziales, Arbeit und Teilhabe Es spielt die Combo des Landespolizeiorchesters Brandenburg Die fr√∂hlichen Herbstlerchen erfreuen uns mit ihrem Vortrag Kreistanzgruppe unter Leitung von Monika Kemmnitz Dirk J√ºttner erfreut uns als Elvis Presley Kinder- und Erwachsenen-Tanzteam des PSV Olympia Berlin Belly Dance mit ‚ÄûSOURAIA HAGIR‚Äú Eine kostenlose Fahrradkennzeichnung durch den Polizeabschnitt 65, au√üerdem gibt es noch Mit- mach-Aktionen f√ºr Kinder, Seifenblasen mit Ciello, Holzarbeiten, Schwerter basteln mit Marlies, das Kinderschminken mit Farina und Jessica, Malen und Basteln mit Michaela und vieles mehr ‚Ä¶ Unsere Ehrenamtlichen des KIEZKLUB‚Äôs und das Seniorenpflegeheim DOMIZIL verw√∂hnen sie mit selbstgebackenem Kuchen. F√ºr Ihr leibliches Wohl ist gesorgt.","KIEZKLUB Treptow-Kollag

5am5tag‚Äö 1. JU"" 2023 von 14 ‚Äî 18 Uhr

Er√∂ffnung durch Frau Weingart
Stellvertretende Bezirksb√ºrgermeisterin
und Leiterin der Abteilung Soziales, Arbeit

und Teilhabe

Es spielt die Combo des
Landespolizeiorchesters

Brandenburg

Die fr√∂hlichen Herbstlerchen
erfreuen uns mit ihrem Vortrag

Kreistanzgruppe unter Leitung von

Monika Kemmnitz

/

X

K ICESZUKAURB

TRDEDTAW KMIILEC

Dirk J√ºttner
erfreut uns als Elvis Presley

Kinder- und Erwachsenen-Tanzteam
des PSV Olympia Berlin

Belly Dance mit ‚ÄûSOURAIA HAGIR‚Äú

Eine kostenlose Fahrradkennzeichnung durch den
Polzeiabschnitt 65, au√üerdem gibt es noch Mit-
mach-Aktionen f√ºr Kinder, Seifenblasen mit Ciello,
Holzarbeiten, Schwerter basteln mit Marlies, das
Kinderschminken mit Farina und Jessica, Malen
und Basteln mit Michaela und vieles mehr ...
Unsere Ehrenamtlichen des KIEZKLUB's und das
Seniorenpflegeheim DOMIZIL verw√∂hnen sie mit
selbstgebackenem Kuchen. F√ºr Ihr leibliches Wohl

ist gesorgt.
3 (a"
0066.jpg,fancy,HocusPocus F√ºrstenfeld Festival der Zauberkunst Veranstaltungsforum F√ºrstenfeld 11. ‚Äì 15. Mai 2022,"HocusPocus
-F√ºrstenfeld
__ Festival der Zauberkunst

Veranstaltungsforum
F√ºrstenfeld

11.- 15. Mai 2022"
0067.jpeg,fancy,"HEART OF GAZA Eine Ausstellung mit Bildern von Kindern aus Gaza @stadtteilkomitee_lichtenberg @stk_lichtenberg 15.03.2025 - 16Uhr Caf√© Wostok, Weitlingstr. 97 10317 Fundraising Veranstaltung | Eintritt frei Alle Spenden werden gezielt f√ºr das Projekt ‚ÄúWe are not alone‚Äù eingesetzt","HEART
OF GAZA!
Eine Ausstellung mit Bildern \

¬©& @stadtteilkomitee_lichtenberg \
w @stk_lichtenberg X

15.03.2025 - 16Uhr 7
Cafe Wostok, Weitlingstr. 97 10317 M l

Fundraising Veranstaltung | Eintritt frei ¬©53E

Alle Spenden werden gezielt f√ºr das Projekt ‚ÄúWe are not alone‚Äù eingesetzt E"
0071.jpg,fancy,Freedom Parade No11 Gro√üdemo mit Querdenken 29. August 2020 11:00 Uhr Start: Brandenburger Tor Ziel: Siegess√§ule GRAFIK: LASERLURCH.DE,": Freedom Parade N911

GRO√üDEMO mit QUERDENKEN

; | Start: Brandendurger Tor
\(,MF¬´I: ¬´ 4 Z2ieL; S iosess√§v (e
LASERWRAHFDE f"
0072.jpg,fancy,"DEMO UND LICHTERMEER ‚ÄûZUSAMMENHALTEN GEGEN RECHTS‚Äú MI. 14.2.2024 RIED IM INNKREIS 16:30 Bahnhof Ried (Bahnhofstra√üe 69) ab 17:00 Kundgebung, Marktplatz Ried mit Monika Salzer, Hans-Henning Scharsach und Susanne Scholl Bitte Kerze mitnehmen! omasgegenrechts.at ab 16:00 ‚ÄûKulturpolitischer Aschermittwoch‚Äú in der Giesserei, Ried kulturlandimpulse.at ZUM SCHUTZ UNSERER DEMOKRATIE OMAS GEGEN RECHTS OMAS GEGEN RECHTS","DEMO UND L \ OMAS

- 1‚Äú‚Äô W xl GEGEN

AUSA √©l√§√§\% En [ @
4.2.2024 A| n
mlv\Ô¨Çx'v\ \?‚ÄòNK?(%\S .

16:30 Bahnhof Ried -
(Bahnhofstra‚Äò!e 69)

ab 17:00 Kundgeb√ºng, Markplatz .Ried
mit Monika Salzer, Hans- Scharsach
und Susanne Scholl
-
Bitte Kerze mitnehmen! √∂

‚Äöomasgegenrechts.at

OMAS. /
GEGEN

\ /RECHTS,"
0073.jpeg,fancy,Umsonst- flohmarkt + Waffeln & Musik Lang vergessene Sch√§tze des Hauses k√∂nnten euch geh√∂ren 02.03. | 12‚Å∞‚Å∞ - 17‚Å∞‚Å∞ Rigaer Stra√üe 94,";?""""""'‚Äú"" 02.03.| 12¬∞¬∞- 17¬∞
Rigaer Stra√üe 94"
0074.jpg,fancy,"ZERO WASTE FUTURE FESTIVAL Null Verschwendung. Volles Programm. 16. November 2024 13:00‚Äì18:00 Uhr NochMall, Berlin-Reinickendorf Komm vorbei!","Null Verschwendung.
Volles Programm.

16. November 2024
13:00‚Äî18:00 Uhr
NochMall, Berlin-Reinickendorf

Komm
vorbei!"
0075.jpg,fancy,"My Heart is a Kinderdisco KINDERDISCO Friday 26 APRIL 14:00 - 19:30 ://About Blank - S-Bahn Ostkreuz DJs: Robert Owens, Manuel B√ºrger ALL AGES","‚Äò _:Ilhb¬∞¬∞Ô¨Å√ülun√§-s√üqhn √ñ$tKrtvl
DJS:R¬∞'¬∞%G#E eNf, Manvel √ºr"
0078.png,fancy,LLEWELLYN LIVE SARA MILLER B2B KEV SHERIDAN KARETE BU JESSAMINE live at robert johnson running back riotvan permanent vacation maeve institut f√ºr zukunft drive g-edit ://about blank BORN WITH A NERVOUS BREAKDOWN ://about blank sat 6.5.2023 2 pm,"LLEWELLYN lr atrobertjchnson runningback  riobven
SARA MILLER ¬ª# KEV SHERIDAN
KARETE BU institut f√ºrzukunfe _ driv
JESSAMINE ‚Äöebout blank

://about blank sat 6.5.2023 2pm"
0080.jpg,fancy,"F√ºr Demokratie und Menschenrechte: SONN TAGS DEMO 18. Februar 2024, 17:30 Uhr Dornbirn Marktplatz Zeit aufzustehen: gegen Gedankengut, das die Demokratie zersetzt, und f√ºr das Gemeinsame in der Zivilgesellschaft, Solidarit√§t und Mitmenschlichkeit. REDEBEITR√ÑGE Werner Dreier ‚Äì Historiker, ehemaliger Leiter von erinnern.at, Sophia Hagleitner und Sophia Simon ‚Äì Fridays for Future, Hanno Loewy ‚Äì J√ºdisches Museum Hohenems, Gerhild Steinbuch ‚Äì HYDRA (Autor*inneninitiative gegen die europ√§ische Rechte) MUSIK Andreas Paragioudakis VERANSTALTER Vorarlberger Plattform f√ºr Menschenrechte, das B√ºndnis aus 40 Organisationen: unter anderem: Menschenrechts- at","das Gemeinsame¬Æ in
So\\dal'\t√§t und Mit'

VERANSTALTER
g√ºr Menschen!

F√ºr Demokratie und Menscnemeu..

$ 0

MO

REDEBEITR√ÑGE Werner DI Dreier
Historiker, ¬Æ ehemaliger r Leiter von
erinnerN-. ‚Äöat, ophia Ha‚Äò jagleitner und
Ssophia simon - Fridays for Future,
Hanno Loewy - _ J√ºdisches Museum
HohenemS, Gerhild Steinbuch -
‚Äöutor*inn! en\ nitiative
gegen die europ√§\ b Rechte)

MUSIK Andreas Parug\oudak\s
UNTERSTD‚Äò\'IT oN

A0 Orgln\slÔ¨Ç ‚Äöjonen:
‚Äî‚Äî _ka al"
0081.jpg,fancy,"WELCOM TO THE :// KINDERDISCO Musik + Tanz DJ-Workshop Pizza + W√ºrstchen Baustellenstelle Kinderwagenparkplatz + Wickelstation Kreativ-Mobil Kaffee + Kuchen Mal- und Spray-Workshop Kinderschminken Fr 21¬∑04¬∑23 14‚Äì19 Uhr ://about blank markgrafendamm 24c, 10245 berlin am s-bhf ostkreuz","<w> W A

ME
Musik + Tanz Kaffe + Kuchen 14-19 Uhr
DJI-Workshop -
k Mal- und Spray-Workshop ://about blank
W Hen Kinderschminken markgra fnd mm 2;/ t7/‚Äò0245 berlin"
0082.jpg,fancy,"Demo Sa, 24.2. 14h Wrangelkiez am Platz ohne Namen Falckensteinst. 1A Der G√∂rli bleibt auf! B√ºndnis G√∂rli Zaunfrei","5a 24.2. 14h
1"
0086.jpg,fancy,B√ºrgerinitiative EINEN STATT SPALTEN Soll das zu meiner neuen Normalit√§t werden !? n√§chste Kundgebung: 08.08. 16-18 Uhr SAMSTAG STIFTSPLATZ Kaiserslautern,
0089.jpeg,fancy,NEUER ORT: FRIEDRICHSPLATZ KASSEL VOR DEM FRIDERICIANUM KUNDGEBUNG & AUFZUG Grundrechte gelten! MIT GASTREDNER HERMANN PLOPPA 15. JANUAR 2022 15:30 UHR,"KUNDGEBUNG &
AUFZUG

gelten!

15. JANUAR 2022
15:30 UHR

MIT GASTREDNER
HERMANN PLOPPA"
0090.jpeg,fancy,"""Wir werden ALLE da sein!"" WORLD FREEDOM DAY Die Welt steht auf Auch Fulda macht dicht! ALLE INITIATIVEN & ORGANISATIONEN WELTWEIT - GEMEINSAM! UM 12:00 UHR LANDESZEIT! MAGDEBURG 20.11.2021 12:00 - 16:00 UHR LIVESTREAMS AUS ALLER WELT","; ¬´√©%;$
*‚Äú3:;;Q‚Äö√∂¬∞f‚Äô
WORLD FREEDOM
DAY

J>c'e W@[√ú 5√ú@‚Äò√ütf

NITT√ÑATIVEN SCORGANISATIONEN
WELTWEIT: - GEMEINS√ÑM!
UM 12:00 UHR LANDESZEIT!

' MAGDEBURG

DE,

¬´‚Äú"
0091.jpg,fancy,mit Mobile Diskothek VERITAS 27. Bike & Rock Festival Limberg zwischen Cottbus und Vetschau 08. - 11. August 2024 immer am 2. August Wochenende Limited Booze Boys BLIND BANKERS Bullshit Rock‚Äôn‚ÄôRoll aus Berlin NOBODY Infos: brf-limberg.de,
0093.jpg,photo,"KIEZKLUB Rathaus Johannisthal Sterndamm 102, 12487 BERLIN im Innenhof SOMMERFEST Sa 3. Sept. 14‚Äì19 Uhr INTERESSANTE MARKTST√ÑNDE, KINDERSCHMINKEN, KINDERBASTELN, H√úPFBURG, TEDDYAMBULANZ GLASKUNST MIT VORF√úHRUNG, 3D-DRUCK ESSEN UND TRINKEN DUO CHARLSON & LUIS (BRA) SAMBA, CHORO, BOSA NOVA HARTMUT HAKER VON TANZBAR BIS SWINGEND RAINER HERZOG VON GESCHICHTE ZU GESCHICHTE JEDE MENGE KINDERLIEDER DIE HOBBYSTEPPER, MONIKAS TANZMIX, DJ DER CHOR DER FR√ñHLICHEN S√ÑNGER VON JOHANNISTHAL Der Eintritt ist frei.",".\u- P} 20 ST}
YLUD Ralfldus JUNAVINHSTNAL

y X ƒ±
‚Äò?_x 4537 DF !lk

INTERESSANTE MARKTST√ÑNDE, KINDERSCHMINKEN,
KINDERBASTELN, H√úPFBURG, TEDDYAMBULANZ

GLASKUNST MIT VORF√úHRUNG, 3D-DRUCK
ESSEN UND TRINKEN n v

DUO CHARLSON & LUIS (BRA) SAMBA, CHORO, BOSA NOVA
HARTMUT HAKER VON TANZBAR BIS SWINGEND

RAINER HERZOG VON GESCHICHTE ZU GESCHICHTE /
JEDE MENGE KINDERLIEDER ‚Äö j

dd / j x
DIE HOBBYSTEPPER, MONIKAS TANZMIX, DJ N_"" '
DER CHOR DER FR√ñHLICHEN S√ÑNGER SE ¬Æ
VON JOHANNISTHAL k

CAEMNTRINSTICREN

v x __ aun M S"
0094.jpg,photo,"Einladung zur Trauerfeier f√ºr unsere geliebte Demokratie *1949 - 2020 26.04.2020 12:00 - 19:00 Mariannenplatz Wir bitten alle Trauerg√§ste nur einzeln oder zu zweit zu kommen und protest- taugliche Schilder, Transparente und Plakate zur Niederlegung mitzubringen. Wir freuen uns auf Eure Trauerreden. Anlage und Mikrofon sind vor Ort. www.Aktion-Eigensinn.net","/ *- 26.04.2020

‚Äö 12:00 - 19:00
Mavxiannenplatz }
oder zu zweit zu kommen und pratest-

taugliche Schilder, Transparente und

UAnlage und Mikrofen sind vor Ont,"
0095.jpg,photo,"Bohemian Strawberry üçì & AmSTARt pr√§sentieren: ICH BRAUCHE EINE GENIE VOL. 15 POPkultur, Feminismus, Change und so ... Songbook Releaseparty LIVE: KATRIN ACHINGER LESEPERFORMANCES & 1-SONG-SETS: ANNETTE BENJAMIN (HANS-A-PLAST), BERNADETTE LA HENGST, DAYN, DIE SUPERERBIN, ELKE BRAUWEILER, FAULENZA, FELINE & STRANGE, HANSJANA, LYDIA DAHER, MALONDA, MARIAMA SAFI, TOTE CRACKHUREN IM KOFFERRAUM MATCHING OUTFITS THE DOCTORELLA BABSI TOLLWUT 12.8. :://aboutblank","POPKI
ab )PKULTUR, FEMINISMUS, CHANGE UND SO -.-
;

;S-A-PLAST),
A =

A==
¬ª
\ E l

Saneeset O Ea"
0096.jpg,photo,Schmei√ü dein Ego weg und FEIER WAS DU LIEBST F√ºr Ren√© 25. April Volksb√ºhne am Rosa-Luxemburg-Platz,"Era _

Schmei√ü dein Ego weg und Schmei√ü dein Ego weg und

F√ºrRene 25. April % F√ºrRene 25. April"
0097.jpg,photo,UNTERM TECHNO LIEGT DER PUNK :// ABOUT BLANK The kids are clearly not alright Welche Rolle spielen emanzipatorische Subkultur & Bewegung in Ostdeutschland? POLY‚ñ∂LUX Veranstaltung 13.12.2024 20 Uhr :// about blank,"clearly
not
alright ,

Welche Rolle spielen ‚Äò

emanzipatorische
Subkultur & Bewegung in
Ostdeutschland ? \

Veranstaltung
13.12.2024 >
20Uhr }

:// about blank"
0098.jpg,photo,"eine benefizveranstaltung von ://about blank und top b3rlin MOVING BEYOND HOPE antinationale amplitude wider die gro√üwetterlage montag, 2. oktober 2023, 18:00 uhr STAAT. NATION. KAPITAL. SCHEISSE. TOP BERLIN . TOP-BERLIN.NET","i SS

eine benefizveranstaltung von ://about bl√§nk und t√∂p b3rlin

u

MOVING
BEYOND
HOPE

antinationale amplitude wider'die gro√üwetterlage

montag, 2.0ktober 2023, 18:00 uhr ‚Äò ["
0099.jpg,photo,"Vergessene Arbeitsk√§mpfe PUNK Abend Eintritt 8‚Ç¨ Roter Salon in der VOLKSB√úHNE Wann: 29.09., 21 Uhr Wer: EAT LIPSTICK + TOTENWALD arbeitskaempfe@volksbuehne-berlin.de","m m
‚Äò‚Äö‚Äû.lu-l‚Äò¬£'

='_
x"
0100.jpg,photo,FAMILIEN-FLOHMARKT in der Paul-Schneider-Grundschule 25.05.24 10 - 14 Uhr,
0101.jpg,photo,"Freitag, den 28. Mai 2021 um 17 Uhr Stolpersteinverlegung in Alt-Hohensch√∂nhausen Suermondtstra√üe 46, 13053 Berlin Blume Luise Albers, geb. Chassin, geb. am 22.12.1878 in Smolensk Musikalische Begleitung: Johann-Vincent Slawinski Blume Luise Albers war mit dem deutschen Beamten Steuersekret√§r Oskar Albers verheiratet. Die Eheschlie√üung erfolgte am 22.12.1913 in Windhuk (Deutsch-S√ºdwest-Afrika) im Standesamt Windhuk mit der Nr. 63. Das Paar lebte in Hohensch√∂nhausen in der Suermondtstra√üe 46 vorn parterre. Laut Berliner Adressbuch ist der Stra√üenbezug noch 1927 als Baustelle eingetragen. Suermondt war Mitbegr√ºnder der Grunderwerbs- und Baugesellschaft in Hohensch√∂nhausen, welche die H√§user bauen lie√ü und auch Eigent√ºmer war. Mit der Fertigstellung der Wohnungen bezog das Ehepaar Albers ihre Wohnung im parterre. Die Wohnung bestand aus zwei Stuben und einer K√ºche. Blume Albers war Hausfrau. Oskar Albers verstarb am 4. Oktober 1940 in der gemeinsamen Wohnung laut Urkunde an einem Gehirnschlag. Frau Luise Albers war danach bis 1943 im Berliner Adressbuch als Mieterin eingetragen ist. Blume Albers musste Zwangsarbeit leisten in den Pankower Heilanstalten. Am 10. September 1943 wurde Blume Luise Albers mit dem 96. Alterstransport von dem Sammellager Gro√üe Hamburger Stra√üe 26 nach Theresienstadt deportiert. Drei Monate sp√§ter, am 18. Dezember 1943 wurde sie von Theresienstadt nach Auschwitz deportiert und dort ermordet.","Suermondtstra|

geb. am 22.12.1878 in Smolensk

Musikalische ng: Johann-Vincent Slawinski

Blume Luise Albers

deutschen Beamten Steu-
ersekret√§r Oska

ratet. Die Eheschlie√üung
913 in Windhuk (Deutsch-S√ºdwest-Afrika)
indhuk mit der Nr. 63

Das Paar lebte in Hohensch√∂nhausen in der Suermondts

vorn parterre. Laut Berliner Adressbuch ist der Stra
nzug noch 1927 als Baustelle eingetragen.
‚Äöermondt war Mitbegr√ºnder der Grunderwerbs- und

schaft in Hohensch√∂nhausen, welche die H√§us

ƒ±ch Eigent√ºmer war. Mit der Fertig: n
hnung im parterre, Die Wohnung bestand aus zwei Stuben und
rer K√ºche. Blume Albers war Hausfrau,

Oskar Albers verstarb am 4. Oktober 1940 in der gemeinsamen W√∂hnung laut Urkunde

an einem Gehirnschlag. Frau Luise Albers war danach bis 1943 Im Berliner Adressbuck
Mieterin eingetragen is en

Blume Albers mƒ± wangsarbeit leisten in den Pankower Heimst

Am 10.September 1943 wurde Blume Luise Albers mit dem 96 Allerstransport von dem

Sammellager Gro√üe Hamb√ºrger Stra√üe 26 nach Theresienstadt d6POrtiert

Drei Monate sp√§ter, am 18. Dezember 1943 wurde sie von Theresienstadt nach Ausch-

vitz deportiert und dort ermordet.

7in HT-BLICKE 7 w}
UE N ‚Äî‚Äî C¬Æ"
0103.jpg,photo,RAUS AUS DER DOSE! 17.05.2020 14‚Äì18 Uhr Mariannenplatz Der R√ºckzug ins Digitale ist keine Alternative! Deine Meinung ist relevant! Kunst ist relevant! Zeigt Eure K√ºnste! Erhebt Eure Stimme! Das Mikrofon steht Euren Reden und Darbietungen offen www.aktion-eigensinn.net,"RAUS AUS DER DOSE!

17.05.2020 14-18 Uhr
Mariannenplatz

Der R√ºckzug ins Digitale ist keine
Alternative!
. Deine Meinung ist relevant!
> Kunst ist relevant!

Zeigt Eure K√ºnste!
Erhebt Eure Stimme!

Das Mikrofon stel

Euren Reden
Darbietungen offen

www.aktion-‚Ç¨"
0104.jpg,photo,Kiezklub Rathaus Johannisthal Sterndamm 102 WEIHNACHTSBAZAR 3. Dez. 14‚Äì19 Uhr Drau√üen: Gl√ºhwein und Gegrilltes Feuertonne und Stockbrot weihnachtliche Livemusik St√§nde mit interessanten Dingen Drinnen: Bastelstra√üe Kindertheater aus dem Koffer Filzen,kiezk' u|g*:luu..!ollnnnlctlnl'tundamnl‚Äû
0106.jpg,photo,"KEINE QUERFRONT AUF DEM ROSA-LUXEMBURG-PLATZ! ""NICHT OHNE UNS""? ‚Äì OHNE UNS! Seit nunmehr vier Wochen demonstrieren Neurechte, Verschw√∂rungsideolog*innen und Teile der rechtsradikalen und v√∂lkischen Szene auf dem Rosa-Luxemburg-Platz unter dem Banner ‚ÄûHygienedemo‚Äú, organisiert von der ‚ÄûKommunikationsstelle Demokratischer Widerstand‚Äú, deren Initiatoren sich in einem Interview vor dem Reichstag mit wehenden Deutschlandfahnen erkl√§ren. Wir rufen deshalb alle antifaschistischen, anarcha-queer-feministischen Menschen zur Verteidigung des Rosa-Luxemburg-Platzes und der Volksb√ºhne auf. Kreativer Kontaktloser Gegenprotest: vor dem Karl Liebknecht Haus um 15 Uhr jeden Samstag und am 1. Mai seid kreativ laut und bunt! Kein Platz f√ºr Nazis! #antifaarea V.i.S.d.P.: Karla Krawall, Rosa-Luxemburg Platz 1, 1312 Berlin","KEINE QUERFRONT AUF DEM KOSA-LUXEMBURG-PLATZI

Seit nunmehr vier Wochen demonstrieren Neurechte,
Verschw√∂rungsideolog*innen und Teile der rechtsradikalen und v√∂l-
kischen Szene auf dem Rosa-Luxemburg-Platz unter dem Banner ‚ÄûHygie-
nedemo‚Äú, organisiert von der ‚ÄûKommunikationsstelle Demokratischer Wi-
derstand‚Äú;-deren Initiatoren sich in einem Interview vor dem Reichstag
mit wehenden Deutschlandfahnen erkl√§ren. Wir rufen deshalb alle antifa-
schistischen, anarcha-queer-feministischen Menschen zur.Verteidigung
des Rosa-Luxemburg-Platzes und der Volksb√ºhne auf.

| Kreativer Kontaktloser Gegenprotest:
vor dem
Karl Liebknecht Haus

jeden Samstag
und am 1.Mai

seid kreativ Iaut und bunt!"
0108.jpg,photo,VOLKSB√úHNE Jazzanova The Pool Record Release Konzert 30.06.18 Rosa- Luxemburg- Platz,"VOL

Zz};SBUHNE
KOnZert
30.06.18
Rosa-
Luxemburg-
Platz"
0110.jpg,photo,CLUBS. STADT. KLIMAKRIZE. A100 WEGBASSEN! 2.9. 14¬∞¬∞‚Äì22¬∞¬∞ MARKGRAFENDAMM,"ECBAS 9ENI

NARKGRAFENDAMN"
0111.jpg,photo,"50 JAHRE RUMBLE IN THE JUNGLE Podium: Martin Krau√ü (Sportjournalist taz) Dr. Michela Wrong (britische Journalistin) Fabian Kunow (Moderation) und anschl. Kinodokumentation When we were Kings (1997) Mo., 25. Nov., 19 Uhr //:about blank, Markgrafendamm 24c, 10245 Berlin www.helle-panke.de Helle Panke ROSA LUXEMBURG STIFTUNG","50 JAHRE
RI pUMBLE IN THE JUNGLE

\ Podium:
/ _ Martin Krau√ü (Sportjournalist taz)
( ‚Äî ‚Äî Dr. Michela Wrong (britische Journalistin)
bian Kunow (Moderation)
nschl.
okumentation When we were Kings (1997)

Nov., 19 Uhr

¬ªfendamm 24c, 10245 Berli"
0112.jpg,photo,"HAUPTSACHE ES KNALLT? NO FUTURE NO DANCEFLOOR. RAVE AUFSTAND ZUM GLOBAL STRIKE. FREITAG, 20.09.19 | 15:00 UHR BERLIN MITTE & √úBERALL 12:00 UHR FRIDAYS FOR FUTURE RECLAIM CLUB CULTURE","/ [ a

/ NO DA
ZUM GL

UuM

FREITAG, 20.09.19 |_15:00 UHR
S BERLIN MITTE & √úBERALL

12:00 UHR FRIDAYS FOR FUTURE RECLAIM"
0113.jpg,photo,9. MAI 79. JAHRESTAG DES SIEGES √úBER NAZIDEUTSCHLAND NIE WIEDER FASCHISMUS! NIE WIEDER KRIEG! DEMONSTRATION / BERLIN 17:30 / S&U-BHF. FRIEDRICHSTR. BEFREIUNG.UND.WIDERSTAND INSTAGRAM: BEFREIUNG.UND.WIDERSTAND,"E WIEDER FASCHISM} JS
NIE WIED R KRIEG! A

MONSIET DEMONSTRATION / BERLIN
ERUI | \

‚Äô ¬Æ &$g=\‚Äò/.gklinkl√ü\\sm /

s @ D m
f 173 ‚Äö6 UNDWIDERST a

‚ÄòW @ BEFREIUMG

rm WNNERSTAND"
0114.jpg,photo,KEIN RAMMSTEIN VOR GERICHT STATT AUF DIE B√úHNE! 15.07.23 IN BERLIN SA. 15. JULI ‚Äì 14:30 UHR THEODOR-HEUSS-PLATZ CA. 16:00 UHR ‚Äì OLYMPIASTADION + MUSIK @keinrammstein_berlin STOMP THE PATRIARCHY,"DA

-PLATZ

HEUSS
OLYMPIASTADION + MUSIK

SA. 15. JULI - 14:30 UHR THEODOR-
CA. 16:00 UHR

.
Y"
0115.jpg,simple,save blank? blank safe! soliparty gegen das klima der angst 16.11.2024 ab 20 Uhr ://about blank I ://,"save blank? blank safe! 16.11.2024 ab 20 Uhr
soliparty gegen das klima der angst :llabout blank"
0116.jpg,simple,"AKTIONSB√úNDNIS KARLSRUHE DEMOKRATIE neu denken! Verschiedene Rede- & Musikbeitr√§ge | Meditation LiveStream https://netzwerk-demokratie.org Familienfreundlich, mit Kinderbereich SAMSTAG 08.08.20 | 12:30‚Äì18 Uhr G√ºnther-Klotz Anlage in Karlsruhe Stay Free! Karlsruhe Peace & Love Ettlinger Friedens Gruppe Selber denken, statt denken lassen NETZWERK DEMOKRATIE e.V. QUERDENKEN 721 ‚Äì Karlsruhe","AKTIONSB√úNDNIS

KARLSRUHE

DEMOKRATIE neu denken!

Verschiedene Rede- & Musikbeitr√§ge | Meditation

LiveStream
emokratie.org

https://netzwerk-d"
0117.jpg,simple,"B√ºndnis gegen Verdr√§ngung und #Mietenwahnsinn www.mietenwahnsinn.info DIE MIETE IST ZU HOCH! Demo, Samstag 01. Juni 2024 14:00 Uhr Potsdamer Platz","‚Äö B√ºndnis gegen Verdr√§ngung und _s:‚Äî=

N#MIBIBIIW¬£IhIISIIIII *
tenw ahnsinn.info |¬£ ;
@ ‚Äî
u 8 '
aM

' z>EH

Den Sams?‚Äò√§√§√ºi Juni ‚Äö2024
""‚Äù ) Uhr Pntsdamerli√§"
0118.jpeg,simple,"Willkommenscaf√© Wir laden alle von Rassismus betroffenen & migrantischen Menschen zum gegenseitigen Kennenlernen in unser Willkommenscaf√© ein! Hier bekommt ihr einen Einblick in unsere Arbeit und findet heraus, wie ihr mitarbeiten k√∂nnt! Rote Lilly, Emser Str. 114, Neuk√∂lln Jeden letzten Mittwoch im Monat 19‚Äì21 Uhr","Willkommenscuf 8

Wir _ laden _ alle von Rassismus betroffenen &
migrantischen _ Menschen zum _gegenseitigen ‚Äû
Kennenlernen in unser Willkommenscafe ein!

eAN
G O
S >
‚Äò3

‚Ç¨R L\e"
0119.jpeg,simple,"H√ÑNDE WEG VON UNSEREM LAND! PAL√ÑSTINA STEHT NICHT ZUM VERKAUF LAUFDEMONSTRATION F√úR PAL√ÑSTINA SAMSTAG, 01.03. UM 13 UHR U-BAHN & S-BAHN ZOOLOGISCHER GARTEN, BERLIN","H√ÑNDE WEG VON UNSEREM LAND!

PALASTINA
STEHT
NICHT ZUM
VERKAUF

LAUFDEMONSTRATION F√úR PAL√ÑSTINA
SAMSTAG, 01.03. UM 13 UHR

U-BAHN & S-BAHN ZOOLOGISCHER
GARTEN, BERLIN"
0120.jpg,simple,Wahlkampf-Veranstaltung STADTHALLE LEONBERG R√∂merstra√üe 110 | 71229 Leonberg 22.01. BEGINN 19 UHR | EINLASS 18 UHR LARS HAISE MARKUS FROHNMAIER TINO CHRUPALLA EMIL S√ÑNZE DIANA ZIMMER DEUTSCHLAND ZUERST! AfD Landesverband Baden-W√ºrttemberg,"Wahlkampf-Veranstaltung
STADTHALLE LEONBERG - semeorenuss en

R√∂merstra√üe 110 | 71229 Leonberg

/""4' e

} TINO
RS W |MARKUS mun CHRUPALLA gMIL DIANA
HAISE 'FROHNMAIER1 A S√ÑNZE ZIMMER

DEUTSCHLAND ZUERST!
‚Äî AfD

m  W√ºrttemban 1g"
0121.jpg,simple,Zeit f√ºr Fans 05.12.2024 Mach dein Foto mit dem Nikolaus Und sicher dir den Adventsrabatt. Auguste-Viktoria-Allee 99  //  13403 Berlin,"p } x
Zeit f√ºr Fans A 3 S }

05.12.2024 ; #

Auguste-Viktoria-Allee 99 // 13403 Berlin
; s

N
I
BN"
0122.jpg,simple,"25. APRIL, 2023 20.00 UHR OMAS ON STAGE PERFORMANCES, LIEDER, GEDICHTE... IM CAF√â KORB Brandst√§tte 9, 1010 Wien Reservierung erforderlich: jenny@happybusiness.at Omas-on-Stage ist eine Theatergruppe innerhalb der Aktivistinnengruppe OMAS GEGEN RECHTS. In den letzten 3 Jahren sind wir bei zahlreichen Interventionen und Stra√üentheater, sowie beim Wiener Kultursommer, Demonstrationen und Frauenveranstaltungen aufgetreten. Omas-On-Stage besteht aus 12 Frauen‚Äì professionellen Schauspielerinnen und Laiendarstellerinnen. Durch unsere Aktionen beleuchten wir auch die Rolle, die √§ltere Frauen im politischen Geschehen und in der Gesellschaft spielen und k√∂nnen. Immer auch mit Humor und Ironie! FREIE SPENDE","29. APRIL, 20223 OMAS
20.00 UHR Ô¨Å'Ô¨Ç
ISTAGE|

PERF[]RMANGES
LIEDER, GEDICHTE.

Omes-on-Stage ist eine Theatergruppe innerhalb

IV der Aktivistinnengruppe OMAS GEGEN RECHTS.

| In den letzen 3 Jahren sind wir bei zahl

n Interventionen und Strassentheater, sowie beim
r Wiener Kultursommer, Demonstrationen und
Frauenveranstaltungen aufgetreten.

Omas-On-Stage besteht aus 12 Frauen- professionellen

¬Æ Schauspielerinnen und Laiendarstellerinnen. Durch
Hegn unsere Aktionen beleuchten wir auch die Rolle,
die √§lterer Frauen im politischen Geschehen und

in der Gesellschaft spielen k√∂nnen.

Immer auch mit Humor und Ironie!
FREIE SPENDE"
0123.jpg,simple,"SOLIDARIT√ÑTSDEMO F√úR DIE UKRAINE Samstag, 5. M√§rz 2022 Platz der Menschenrechte, Wien 15 bis 17 Uhr","SOLIDARIT√ÑTSDEMO

F√úR DIE UKRAINE

Samstag, 5. M√§rz 2022

Platz der Menschenrechte, Wien
15 bis 17 Uhr"
0124.jpg,simple,#SAVE BRAIN CITY Wissenschaft sichert die Zukunft Berlins 19.12.2024 KUNDGEBUNG 8:30 Uhr vor dem Abgeordnetenhaus Berlin,"Wissenschaft
sichert die Zukunft Berlins

19.12.2024

KUNDGEBUNG

8:30 Uhr vor dem Abgeordnetenhaus Berlin"
0127.jpeg,simple,"Solidarischer Stammtisch Thema: Unser Verst√§ndnis vom Patriarchat und unser Umgang damit Diskussion und gemeinsames Essen am Dienstag, 4. M√§rz ab 19:00 Uhr im ‚ÄúMaggie‚Äù Frankfurter Allee 205","TI

Thema: Unser Verst√§ndnis vom ‚Äòl

Diskussion und gemeinsames Essen
am Dienstag, 4. M√§rz ab 19:00 Uhr
im ‚ÄúMaggie‚Äù Frankfurter Allee 205"
0128.jpg,simple,Transferale Das Wissenschafts- Festival f√ºr Klima und Gesundheit Zukunft im Stadtumdrehen 25.09. ‚Äî 27.09.2024 im Kulturquartier silent green Zukunft findet Stadt Das Hochschulnetzwerk f√ºr ein resilientes Berlin,"W Ia . 3
Transferale/ ¬´

\ Y Zukunft im
‚Äî Stadtumdrehen

25.09. ‚Äî
27.09.2024
im Kulturquartier
silent green"
0129.jpg,simple,#BerlinIstKultur DEMO GEGEN DIE K√úRZUNGEN IM KULTURBEREICH! VOLKS B√úHNE AM ROSA-LUXEMBURG-PLATZ 13.11. 10:00 Brandenburger Tor Platz des 18. M√§rz,"#BerlinistKultur

GEGEN DIE K√úRZUNGEN IM KULTURBEREICH!

13.11. Brandenburger Tor

10:00 Platz des 18. M√§rz"
0130.jpg,simple,NOCH MALL ALLES AUSSER NEU repami Netzwerk Qualit√§tsreparatur Reparaturtag in der NochMall 19. Oktober 2024 14‚Äì18 Uhr Save the date!,"Netzwerk l Qualit√§tsreparatur
ES AUSSER NEU

Reparaturtag

in der NochMall
19. Oktober 2024

14-18 Uhr .

o m OS&"
0131.jpeg,simple,"GENOCIDE STARTS HERE! KUNDGEBUNG MI, 05.03.2025 12:00 UHR ECKE TAUENTZIENSTR./ MARBURGER STR., 10789 BERLIN GRIEVING DOVES J√úDISCHE STIMME STOP ARMING ISRAEL KEINE WAFFEN F√úR ISRAEL SHUT ELBIT DOWN","\GEN[ICII]E STARTS HERE!

MI, 05.03.2025
12:00 UHR
ECKE TAUENTZIENSTR./
MARBURGER STR., 10789
BERLIN

‚Äö‚Äù GRIENG DOVES
E

P
IIIII
√∂l

WAFFEN"
0132.jpg,simple,DIE CDU IST KEIN GRUND ZUM FEIERN. SOS ANTIFA 23. FEBRUAR ¬∑ 18 UHR KONRAD ADENAUER HAUS Sea-Watch.org,"DIE CDU IST KEIN GRUND ZUM FEIERN.

23. FEBRUAR :18 UHR
KONRAD ADENAUER HAUS

Sa

n
Sea-Watch.org"
0133.jpg,simple,"KUNDGEBUNG MIT DR. WEBER SAMSTAG 05.09.2020, 14:30 MARBURG ERWIN-PISCATOR-HAUS √ÑRZTE F√úR AUFKL√ÑRUNG","KUNDGEBUNG MIT DR. WEBER
SAMSTAG 05.09.2020,14:30

ERWIN-PISCATUH-HAUS
√ÑRZTE F√úR AUFKL√ÑRUNG \"
0134.jpg,simple,"Antifaschistische Kundgebung GEGEN DIE INSTRUMENTALISIERUNG DES ERINNERNS Montag, 27.05.24 18 Uhr Mahnmal Levetzowstra√üe Berlin-Moabit","Antifaschistische Kundgebung
GEGEN DIE INSTRUMENTALISIERUNG
DES ERINNERNS

Montag, 27.05.24
18 Uhr

Mahnmal
Levetzowstra√üe

Berlin-Moabit

¬© N"
0135.jpg,simple,"Einfache Sprache Kommt zur Demo am 8. M√§rz! Wo? S+U Sch√∂nhauser Allee Wann? 8. M√§rz 2025, 13:00 Uhr F√ºr Feminismus ohne Grenzen! FEMINISM UNLIMITED","Y )

Kƒ±
Kommt zur Demo am 8. M√§rz!i
? Wo? S+U Sch√∂nhauser Allee‚Äù‚Äù
‚Äù Wann? 8 M√§rz 2025, 13:00 Uhr/ v"
0136.jpg,simple,GEGEN JEDE NAZI PROPAGANDA! MARTIN SELLNER VON DER STRASSE FEGEN! HEUTE! ‚òÖ 27.02. ‚òÖ 18:15 UHR Kundgebung an der ‚ÄúGr√ºnen Lampe‚Äù Uhlandstra√üe 51 Widersetzen Berlin,"GEGEN JEDE
NAZI PROPAGANDA !

MARTIN SELLNER VON DER
@ STRASSE FEGEN!
w ‚Äî

K3

HEUTE! %* 27.02. * 18:15 UHR
Kundgebung an der ‚ÄúGr√ºnen Lampe‚Äù
Uhlandstra√üe 51

Widersetzen Berlin"
0137.jpg,simple,"Omas-on-Stage beim Kultursommer Politischer Aktivismus mit Kunst Samstag, 9. Juli 2022, 18.30 Mortarapark, 1200 Wien Sonntag, 10. Juli 2022, 18.30 Muthsamgasse, 1140 Wien FREIER EINTRITT","Pohtuscher Akt|Vlsmus mit Kunst

Samstag, 9. Juli 2022, 18.30
Mortarapark, 1200 Wien

Sonntag, 10. Juli 2022, 18.30 FREIER EINTRITT
Muthsamgasse, 1140 Wien"
0139.jpg,simple,ZENTRUM KREUZBERG MEHR POLIZEI? NICHTS ZU FEIERN WIR BLEIBEN DABEI: SOZIALE L√ñSUNGEN F√úR SOZIALE PROBLEME! KUNDGEBUNG GEGEN DIE ER√ñFFNUNGSFEIER DER KOTTI-WACHE 15.02. AB 9:00 KOTTBUSSER TOR WACHE AM KOTTI? NOT WELCOME,"MEHR POLIZEI?
NICHTS ZU FEIERN

- KUNDGEBUNG

GEGEN DIE ER√ñFFNUNGSFEIER DER KOTTI-WACHE
15.02. AB 9:00 KOTTBUSSER TOR

WACHE AM KOTTI? NOT WELCOME"
0140.jpg,simple,"Samstag, 03.02.2024 von 11‚Äì13.30 Uhr WORKSHOP Motion-Capture HTW in Sch√∂neweide Wer? - Alle zwischen 7 & 17 Jahren * Vorkenntnisse sind nicht notwendig. Was mitbringen? - Laptop oder Tablet mit Kamera * Laptops k√∂nnen auch bei uns angefragt werden! JETZT KOSTENLOS ANMELDEN! https://pretix.eu/dojosw/","Samstag, 03.02.2024 von 11-13.30 Uhr

WORKSHOP
EMIoGlon=-¬©amGure

? HTW in Sch√∂neweide

g Wer?
- Alle zwischen 7 &17 Jahren
* Vorkenntnisse sind nicht notwendig.

Was mitbringen?

- Laptop oder Tablet mit Kamera
* Laptops k√∂nnen auch bei uns angefragt werden!"
0142.jpeg,simple,NAZIANGRIFFE NICHT UNBEANTWORTET LASSEN Demonstration nach Naziangriff auf Gefl√ºchtetenunterkunft in Stahnsdorf - Solidarit√§t mit den Betroffenen - 14.03.2025 Demo: 17:30 S Teltow Stadt Kundgebung: 19:00 Iserstra√üe Ecke Elbestra√üe,"NAZIANGRIFFE NICHT
UNBEANTWORTET. LASSEN

Demonstrationynach Naziangriff auf
Gefl√ºchtetenunterkunftin
Stahnsdorf

- Solidarit√§t mit den Betroffenen -

14.03.2025

Demo:

17:30 S Teltow Stadt msn
Kundgebung:
19:00 Iserstra√üe )
Ecke Elbestra√üe"
0143.jpg,simple,"Ostkreuz nicht den Nazis √ºberlassen! So, 14.07. 14:00 Uhr Ostkreuz",< OstkreUZg ‚Äî w
0145.jpg,simple,A100 WEGBASSEN! SOLI-RAVE RAVE LIVE ACTS PANEL DISCUSSION 06.10.2023 20:00 - 10:00 MENSCH MEIER,
0146.jpg,simple,THEMENTAG ://about blank Markgrafendamm 24c (Ostkreuz) 15.12.24 11:30‚Äì 19:30 Uhr Antisemitismus im Kultur‚Äì und Clubbetrieb Reflexionen ein Jahr nach dem 7. Okt. BILDUNG IN WIDERSPRUCH,"THEMENTAG 15.12.24

://about blank 11:30-
Markgrafendamm 24c (Ostkreuz) 19:30 Uhr

Antisemitismus im
Kultur- und Clubbetrieb

Reflexionen ein Jahr
nach dem 7. Okt.

BILDUNG IN WIDERSPRUCH"
0147.jpeg,simple,"Input + Diskussion nach den Bundestagswahlen: Rassismus, Abschiebung und Gewalt - Wehren wir uns! 01.03. | 18:00 Uhr Kom≈üukeller, Kottbusser Stra√üe 4/5 ZORA","Input + Diskussion nach den Bundestagswahlen:

a

01.03. / 18:00 Uhr
Komsukeller,
Kottbusser Stra√üe 4/5

ZORAF"
0148.jpg,simple,"1. September 2023 ‚ñ∂ BUCHPREMIERE JUDENHASS UNDERGROUND Antisemitismus in emanzipatorischen Subkulturen und Bewegungen Ein Abend mit Nicholas Potter, Stefan Lauer, Rosa Jellinek, Leon Kahane, Konstantin Nowotny und Anastasia Tikhomirova DJ: Ori Raz (Motivo Positivo) 19 Uhr | ://about blank | freier Eintritt","1. September 2023 > BUCHPREMIERE

JUDENHASS
UNDERGROUND

Antisemitismus in emanzipatorischen
Subkulturen und Bewegungen

Ein Abend mit

Nicholas Potter, Stefan Lauer,
Rosa Jellinek, Leon Kahane,
Konstantin Nowotny und
Anastasia Tikhomirova

DJ: Ori Raz (Motivo Positivo)

19 Uhr | ://about blank | freier Eintritt"
0149.jpg,simple,"WIR BRAUCHEN DICH! 10.00 bis 12.00 UHR Demonstration f√ºr FREIHEIT GRUNDRECHTE SELBSTBESTIMMUNG ZUR FREIHEIT SAMSTAG 11.7.2020 10 - 12 Uhr K√ñNIGSPLATZ - M√úNCHEN Prof. Dr. Christoph Hueck Biochemiker, Impfstoffentwickler Markus Haintz Querdenken Initiative Ulm Rechtsanwalt Milorad Krstic Unternehmer und Buchautor rin99er Hip Hop - Rap | Lienz Levi Wegmann ‚Ä¢ DJ Tuncay celsius19","ANUNBRNUCHEND/CH/A

7 N HEN
- MUNCHEI"
0151.jpg,simple,08¬∑06¬∑24 TANZ DEMO 15 Uhr am Frankfurter Tor Mehr Infos auf kollektiv-kirsch.de WEM GEH√ñRT DIE STADT?,
0152.jpg,simple,"Klimaschutz statt Autobahn! Laufdemo auf der A100! Sonntag, 21. April Start: 14 Uhr Auffahrt Tempelhofer Damm","f\ z statt 2 √úW√ú I] T | |

lauÔ¨Ålemn auf .m ATOOL_

A Snnntag‚Äö 21 I\nnl
SIart 14 Uhr

\]@@\C-Q PowerShift Lflu S√§i √ú

B√ºr nr..‚Äö cuumzÔ¨Å '/( l \
(m \\a <‚Äú M \

nlulllm"
0153.jpg,simple,"GEDENKEN BEIM MAHNMAL GEGEN KRIEG & FASCHISMUS 12.03.1938 - 12.03.2025 NIE WIEDER IST JETZT! 12.03.2025, Albertinaplatz, 18:30 GEDENKEN BEIM MAHNMAL GEGEN KRIEG & FASCHISMUS mit Beitr√§gen von: Aaron Bezalel Haber Cornelius Obonya Dolores Bakos Jenny & Omas on Stage Ida Belaga Le√≥n de Castillo Marina Hanke Maya Unger Monika Salzer Philipp Miksch Rihab Toumi Susanne Scholl Ursula Berner NIE WIEDER IST JETZT! 12.03.1938 - 12.03.2025","GEDENKEN BEIM MAHNMAL GEGEN KRIEG & FASCHISMUS

12.03.1938 - 12.03.2025
NIE WIEDER IST JETZT!

12.03.2025, Albertinaplatz, 18:30
GEDENKEN BEIM MAHNMAL
GEGEN KRIEG & FASCHISMUS

mit Beitr√§gen von: ME UL
Aaron Bezalel Haber MEYZECLT SE
Cornelius Obonya Monika Salzer
Dolores Bakos Philipp Miksch
Jenny & Omas on Stage Rihab Toumi
Ida Belaga Susanne Scholl

Le√∂n de Castillo Ursula Berner

NIE WIEDER IST JETZT! 12.03.1938-12.03.2025"
0154.jpeg,simple,LIVEKONZERT LIZ MELINE MEETS SNAILTAPE DIENSTAG 21.01.25 BEGINN 20:00 TONELLIS NEUMARKT 9  04109 LEIPZIG,"NSTAG
I6"
0155.jpg,simple,"FIRST SLAYSTANS SOLI PARTY 16/02 8PM ERREICHBAR, REICHENBERGER STR 63A","EIRST
SL_AYSTANS
s*¬©l_‚Äò*n HA I'QTY

; ; 15/02 8SPM
REICI‚ÄîIEAR REICHENBERGER STR S34"
0156.jpeg,simple,"SOLI FLOHMARKT 10‚Äì18 UHR 1. M√ÑRZ Wo: Zielona Gora, Gr√ºnbergerstr. 73 BERLINER OBDACHLOSENHILFE e.V. Alle Spenden flie√üen in die Unterst√ºtzung obdachloser und hilfsbed√ºrftiger Menschen",
0157.jpg,simple,"SIEG DER UKRAINE ‚Äì FRIEDEN F√úR EUROPA Stoppt die Finanzierung des russischen Staatsterrors 17. DECEMBER, 15:00 VOR DER RUSSISCHEN BOTSCHAFT UNTER DEN LINDEN 63‚Äì65 ‚ôÄFAR Berlin Demokrati-JA","SIEG DER
FRIEDEN F√ú

Stoppt die Finanzierung
des russischen
Staatsterrors

17. DECEMBER, 15:00
VOR DER RUSSISCHEN BOTSCHAFT
UNTER DEN LINDEN 63-65

j
N iiii

¬© ¬ÆFAR Berlin

Demokrati-JA"
0158.jpg,simple,Kundgebung zum 5. Jahrestag des rechtsterroristischen Anschlags von Halle 9.10.2024 17:30 Uhr Oranienplatz,"Kundgebung
zum 5, Jahrestag
des rechtsterroristischen

Anschlags von Halle

9.10.2024 17:30 Uhr Oranienplatz"
0160.jpg,simple,"ALICE WEIDEL IN DER ""BUNDESTAGSWAHL - SCHLUSSRUNDE"" HEUTE, LIVE 22:00 UHR ARD & ZDF! ZEIT F√úR DEUTSCHLAND. AfD","‚Äî ALICE WEIDEL IN DER
DESTAI ‚Äû_$CHLUSSRUNDE ‚Äò

‚Äî HEUTE/LIVE
22:00 UHR ARD & ZDF!"
0161.jpg,simple,"Ukraine Freiheit Demokratie NEIN Putin AfD 22.02.25 16 : 00 Brandenburger Tor 3 Jahre seit der gro√üfl√§chigen Invasion Unsere Stimme f√ºr die Ukraine, f√ºr Demokratie, f√ºr Freiheit FREE RUSSIANS GLOBAL Deutsch-russischer Menschenrechte-Dialog Demokrati-JA QUARTEERA MEMORIAL DEUTSCHLAND REFORUM SPACE We stand with Ukraine","3 Jahre seit der gro√üfl√§chigen Invasion
Unsere Stimme f√ºr die Ukraine, f√ºr Demokratie, f√ºr Freiheit

FREE @ @ Deutsch-russischer
RUSSIANS @@ Menschenrechte-
GLOBAL @ .

W stand witrhkh UKkralilne"
0162.jpeg,simple,"Du willst dich antifaschistisch organisieren und suchst daf√ºr andere Menschen? Dann komm‚Äò zu unserem Plenum! 14-t√§gig im Bandito Rosso* (Lottumstr. 10a, Prenzlauer Berg) Offenes Antifa Treffen 5. M√§rz 2025, 19 Uhr mit Input zum feministischen Kampftag Web: oatberlin.noblogs.org Mail: oat-berlin@riseup.net *leider nicht barrierearm","Du willst dich
antifaschistisch
organisieren

und suchst

daf√ºr andere Dann komm:

Menschen? ZU unserem
Plenum!

14-t√§gig im Bandito Rosso*
(Lottumstr. 10a, Prenzlauer Berg)

Offenes Antifa Treffe

5,. M√§rz 2025, 19 Uhr

mit Input zum feministischen Kampftag

Web: oatberlin.noblogs.org Mail: oat-berlin@riseup.net

*leider nicht barrierearm"
0163.jpg,simple,STOPPT das Infektionsschutzgesetz 18.11.2020 Ab 11:00 Uhr openEnd Unsere Zivilisation - Unsere Regeln! Berlin - Bundestag ES GIBT KEINE,"STOPPT

das*infektmnsschutzgesetz

18.:11:2020
AD Uhr

Unsere Zivilisation - Unsere Regeln!

openknd

/ WES'GIBT KEINE"
0164.jpg,simple,Demokratie verteidigen Demonstration 03.02 15:00 Graz Hauptbahnhof 16:30 Eintreffen Hauptplatz 18:00 Lichtermeer Kommt hin! Solidarisches B√ºndnis f√ºr Menschenrechte und Demokratie ¬© Ayham Yossef,"Demokratie
verteidigen

Demonstration

03.02

15:00 Graz Hauptbahnhof
16:30 Eintreffen Hauptplatz
18:00 Lichtermeer 43

%. Sohdansches Bundn15 furv Menschenrech‚Äôre
SE dhewr i und Demokra'ne a"
0165.jpg,simple,"2000er PARTY Strausberg Kulturpark - Wriezener Str., 15344 Strausberg Am Strand Eintritt 11,90 ‚Ç¨ Ab 12‚Äì23 Uhr DJ Van Tell DJ Tomekk Food & Drinks HAUPTSTADT KULTUR Wir danken unseren Partnern 2024 08.06.2024","Kulturpark - Wriezener Str., 15344 Strausberg
K

Am Strand
_ Eintritt 11,90 ‚Ç¨

nnnnnn"
0166.jpg,simple,"WORKSHOP: HOW TO KULTURF√ñRDERUNG WITH KAROLINE LUCKS 12.03.25 16-19 Clubcommission Office, Br√ºckenstra√üe 1, 10179 Berlin CLUBCOMMISSION CLUB CULTURE HUB","WORKSHOP:
HOW TO KULTURF√ñRDERUNG

WITH KAROLINE LUCKS

12.03.25 16-19
Clubcommission Office, Br√ºckenstra√üe 1,
10179 Berlin"
0167.jpg,simple,BIM Kulturzentrum auf KulTour Flutopfer-Stiftung von 1962 Samstag ¬∑ Saturday 08.07.2023 14.00 ‚Äì 17.00 Seniorenzentrum Nordlandweg Nordlandweg 110 ¬∑ 22145 Hamburg Kinderfest Children‚Äôs festival,"e_o_0_
B ,M Kultur- Flutopfer-Stiftung
¬Æ zenfrum von 1962

(auf Kultoan

Samstag - Saturday - Cy66oTa + 444
08.07.2023 ¬© 14.00 - 17.00

Q Seniorenzentrum Nordlandweg
Nordlandweg 110 - 22145 Hamburg

Kinderfest

Children‚Äôs festival . HetcKuM dectNBaNb + 4Sa S G√ºs"
0169.jpeg,simple,"in Vorbereitung auf den 8. M√§rz Mexiko: Im schwarzen Block der Feministinnen ARTE Reportage KURZFILMABEND 2. M√ÑRZ | 17:00 | ELELE Inang Maynila Life under martial law as a rebellious Catholic schoolgirl in the Philippines In the toilet there was a big window, that's where we'd smoke.","in Vorbereitung auf den 8. M√§rz

Mexiko: Im schwarzen Block der
Feministinnen

ARTE Reportage

KURZFILMABEND
2.M√ÑRZI17:00IELELE

Inang Maynila

Life under martial law as a
rebellious Catholic
schoolgirl in the Philippines

R
In the toilet there was GW4 Mat's where werd"
0170.jpeg,simple,"fembi Plakate malen f√ºr den feministischen Kampftag! Am 04. M√§rz 2025 Ab 19.30 Uhr im Caf√© Cralle Hochst√§dter Str. 10a, 13347 Berlin-Wedding","fembi

Plakate mal }
den feministischen
Kampftag!

Am 04. M√§rz 2025 '
Ab 19.30 Uhr PE
im Cafe Cralle ‚Äò .

Hochst√§dter Str.10a,
13347 Berlin-Wedding"
0171.jpg,simple,"Eltern stehen auf Rheinland-Pfalz Wir sind das Licht! # Masken-frei # Abstands-frei # Quarant√§ne-frei # freie Impfentscheidung Spaziergang jeden Tag im LockDown Ab Montag, 2.11. 19:00 - 19:30 Uhr Start Marktplatz in jeder Stadt/Ort KOMMT ALLE! Taschenlampe, Handy-Lampe, Laterne Die Leute werden neugierig sein und alle sehen. Es werden so immer mehr werden. Keine Anmeldung jeder f√ºr sich. Keiner kann uns so aufhalten! ElternStehenAuf.de https://t.me/ElternStehen_RLP","V Eiltern
stehen auf

Rheinland-Pfalz

Wir sind das

Spaziergang jeden Tag im LockDown

Ab Montag, 2.11.
19:00 - 19:30 Uhr

Start Marktplatz in jeder Stadt/Ort

KOMMT ALLE!

Taschenlampe, Handy-Lampe, Laterne

Die Leute werden neugierig sein und alle sehen. Es werden
so immer mehr werden. Keine Anmeldung |1<=.-der f√ºr sich.
einer kann uns so aufhalten!"
0172.jpg,simple,"Stadtlauf ST√ÑRKE ZEIGEN GEMEINSAM GEGEN GEWALT AN FRAUEN 6 km Hanau Marktplatz 2016 17 Uhr 16. September www.hanauerstadtlauf.de Veranstalter: Magistrat der Stadt Hanau, Frauenb√ºro und Fachstelle Sport - Main-Kinzig-Kreis, Referat f√ºr Frauen und Chancengleichheit - 1. Hanauer Lauftreff - Sportkreis Main-Kinzig e.V.","6 km 2016
| Hanau 17 Uhr
_ Marktplatz 16. September

die gesund

umicore /HSB‚Äî Hen

Stadtwerke Hanau Z me

GOODYEAR DUNLOP (E;IERMER

ir Frauenlragen und Chancengleichheit"
0173.jpg,simple,DEMONSTRATION F√úR DIE AUFNAHME DER MENSCHEN AN DER POLNISCH BELARUSSISCHEN GRENZE! 14. NOVEMBER 14 UHR BRANDENBURGER TOR,"0>

DEMONSTRATION
F√úR DIE
AUFNAHME DER
MENSCHEN

AN DER POLNISCH
BELARUSSISCHEN
GRENZE!

14. NOVEMBER

UHR
BRANDENBURGER TOR"
0176.jpg,simple,"Samstag, 30.11.2024, 11‚Äì13 Uhr CODING in der Feuerwache Bibliothek ‚ÄúAlte Feuerwache‚Äù Michael-Br√ºckner-Str. 9, Sch√∂neweide Bring ein Laptop oder Tablet mit oder reserviere ein Leihger√§t! KOSTENLOS PROGRAMMIEREN LERNEN JETZT ANMELDEN! https://pretix.eu/dojosw/ https://coderdojo-schoeneweide.de","Samstag, 30.11.2024, 11-13 Uhr

CODING
in der FeUGPWACHE

? Bibliothek ‚ÄúAlte Feuerwache‚Äù
Michael-Br√ºckner-Str. 9, Sch√∂neweide

m Bring ein Laptop oder Tablet mit

oder reserviere ein Leihger√§t! KOSTENLOS
PROGRAMMIEREN
LERNEN

https://coderdojo-schoeneweide.de"
0177.jpg,skewed,"STOPPT DIE AfD SOMMER, SONNE, ANTIFA! DEMO SOMMERFEST DER AFD VERMIESEN Demo gegen das Sommerfest der AfD in Templin SAMSTAG 07.09. 14:00 Uhr Am Markt 11 17268 Templin Austehen-gegen-Rassismus.de","DEMO

Austehen-gegen-Rassismus.de"
0178.jpg,skewed,JETZT KARTEN SICHERN! dance first tanzfestival juni/juli 2024 DI 16.07.24 Stadtsaal F√ºrstenfeldbruck KROATISCHES NATIONALBALLETT TRANSPARADA Choreografie: Ma≈°a Kolar / Mauro Bigonzetti / Marco Goecke / Nadav Zelner www.dancefirst.de,"01160724
Stantsaal
F√úrSteNTEIANTUCK

KROATISCHES NATIONALBALLETT
TRANSPARADA

SCNOFCOOTaNE:
asa Kolar/ Mauro BIyONZEI / Marco GOoeCKE / NadavZeiner

www.dancefirst.de

tanzfestival
juni/juli 2024"
0179.jpg,skewed,Rechts- extremismus stoppen In Europa & vor Ort DEMOS im ganzen Land 23.5. bis 8.6.24 Demokratie verteidigen rechtsextremismus-stoppen.de,"In Europa
& vor Ort

D
Y
| ‚Äò√©h. im

ganzen
Land

23.5. bis 8.6.24

rechtsextremismus‚Äîstoppen.‚Äöd√©"
0180.jpg,skewed,IS PALESTINE A FEMINIST ISSUE?! ZUR VERSCHR√ÑNKUNG VON (QUEER-)FEMINISMUS UND ANTISEMITISMUS Vortrag & Diskussion mit Cordula Trunk Do 19.12. 19:00 Uhr about blank Markgrafendamm 24c,"IS PALESTINE

A FEMINIST
/ ISSUE?!
ZUR VERSCHR√ÑNKUNG

VON (QUEER-)FEMINISMUS
UND ANTISEMITISMUS

Vortrag & Diskussion mit __ g%√ü
Cordula Trunk _ s

Do 19.12. S
19:00 Uhr q"
0181.jpg,skewed,"ES IST WIEDER SOWEIT! IN RAHLSTEDT IST WAS LOS, Digga! 28. Rahlstedter KULTUR WOCHEN 31. AUGUST ‚Äì 18. OKTOBER 2024 VERSCHIEDENE ORTE IN RAHLSTEDT RAHLSTEDTER KULTURWOCHEN","ESIST WIEDER SOWEIT!

IN RAHLSTEDT
IST WAS LOS,

Digga!

31. AUGUST - 18. OKTOBER 2024
VERSCHIEDENE ORTE IN RAHLSTEDT

RAHLSTEDTER KULTURWOCHEN"
0182.jpg,skewed,ANTIFA-BLOCK AUF DER LICHTENHAGEN-DEMO 27.08.2022 ‚Äì Rostock-Lichtenhagen DAS BISSCHEN TOTSCHLAG... DEUTSCHE ZUST√ÑNDE AUFMISCHEN 30 JAHRE NACH DEN POGROMEN ¬ªERINNERST DU DICH NOCH AN ROSTOCK-LICHTENHAGEN¬´ BUNDESWEITE DEMO IN ROSTOCK: 27. AUGUST 2022,"ANTI IFABI.OCI(

Un wr SSCHEN TOTSCHLAB.
CHE ZUST√ÑNDE AUFMISCHE

30 JAHRE NACH DEN POGROMEN

_ ¬ªERINNERST DU DICH NOCH
WCK-I.ICI-ITENHAGEN""'

√ºl an

DEL"
0183.jpg,skewed,RAVE KUNDGEBUNG KASTANIENALLEE 86 BERLIN SUN 14TH APRIL NOON TO 8 PM (SHARP) TUNTENHAUS BLEIBT,">

‚Äî: g‚Äô\‚Äù\

An
Jf"
0185.jpg,skewed,Eintritt frei! f√ºrstenfelder T√ñPFER & KUNST HAND WERKER MARKT 10‚Äì18 Uhr 10.+11.08.24 F√ºrstenfeldbruck,
0186.jpg,skewed,"RELEASE Freitag, 11. Oktober 2024 Einlass ab 18 Uhr Beginn: 19 Uhr im ://about blank Markgrafendamm 24c 10245 Berlin Musik: DJ Andreas Michalke mit Schallplatten aus Marseille FRENCH CONNECTION PARTY Eine Veranstaltung des disko e.V.","Freitag,

11. Oktober 2024
Einlass ab 18 Uhr
Beginn: 19 Uhr

im ://about blank
Markgrafendamm 24Cc
10245 Berlin

Eine Veranstaltung des

diske.

FRENCH
CONNECTI

on"
0187.jpg,skewed,"Autobahn-Abrissparty R√ºckbau statt Neubau ‚Äì Stadtraum f√ºr alle Br√ºcke √ºberm Breitenbachplatz Sonntag, 2.6.24 | 16 - 20 Uhr","‚Äöa

R√ºckbau statt Neuli√§i(_√©
‚Äî Stadtraum f√ºr alle. *

7 - √úCKe √ºberm

A FU n FUTZ

SIN S C
‚Äî S ; 3
Y ERLIA n1uhhehe u

- S
√ú u@‚Äöerln7r7a‚Äúg‚Äö;e] |ebensIaule% N Y @J%\\‚Äö√Ñ‚ÄúY‚Äò <>
G√Ñ/√ú BI-' WUHLHEIDE Ol
¬£%'√© √úH√Ñ√§'7}ES S ¬Æ% P\‚Äöwersh/ft BUND
:llabout blank Q > NI

\lERK%PDI'!I?II'!\'A%!VFN ‚Äò 7 Tf
7 n ulsis| . \ i GLUB !
IR eniugend K Zuls 5 O ir"
0190.jpg,skewed,"AUF DER AUTOBAHN SPEKTAKEL WORKSHOP 20.11.2022 ZUKUNFT AM OSTKREUZ LASKERSTRASSE 5, 10245 BERLIN 14‚Äì19 UHR",
0191.jpg,skewed,STURZ dem IMPERIALISMUS 27.02 18:00 Uhr Oranienplatz Nein zur Zeitenwende Stoppt den Krieg in Kurdistan! WK WIDERSTANDSKOMITEE,"18:00 Uhr
Oranienplatz"
0193.jpg,skewed,"RAUS GEGA NGEN EROBIQUE NEUJAHRS PARTY FESTSAAL KREUZBERG MI, 01.01. AB 21:00 UHR TIPP",
0194.jpg,skewed,VIELFALT. KULTUR. LEBEN A100 WEGBASSEN! SA 17.05.2025 S TREPTOWER PARK 14‚Äì17 UHR Protestfest f√ºr Kinder und Erwachsene 17‚Äì22 UHR Protestrave,"<

Jn
A 17.05.2025 ‚Äî
S TREPTOWER PARK G
14-17 UHR Protestfest f√ºr _
Kinder und Erwachsene ‚Äî-
17-22 UHR Protestrave 0

\\\\

CHANGINO |=*,
:!labout blank

CIMES
HK¬Æ √ñ GLUBCOMMISSION|"
0195.jpg,skewed,BERLIN ACTION ANTICAPITALIST-ANTIFASCIST DAS MONOPOL ZERSCHLAGEN! TOWER TO THE PEOPLE! 26.10 Schleidenplatz 16:30 Uhr FCK AMZN,
0196.jpg,noisy,26.4 WHOSE STREETS? ANTIFA HEI√üT ANGRIFF WIDERSTAND WIE NOCH NIE BERLIN BERLIN ANTIFA! NAZI-AUFMARSCH VERHINDERN! 12:15 - Start S Friedrichstra√üe (S√ºdseite) 13:00 - Zwischenkundgebung Bebelplatz 13:30 - Gegenprotest Neptunbrunnen (N√§he Startplatz rechte Demo) ‚Üí Weitere Route: Infos folgen!,"\ R
S

NAZI-AUFMARSCH VERHINDERN!
12:15 - Start S Friedrichstra√üe (S√ºdseite)
13:00 - Zwischenkundgebung Bebelplatz
13:30 - Gegenprotest Neptunbrunnen

(N√§he Startplatz rechte Demo)
Weitere Route: Infos folgen!"
0197.jpg,skewed,DER AfD WIDER- SETZEN 22.2.25 12:30 DEMO S HOHENSCH√ñNHAUSEN VORTREFFPUNKT DEMO 12:00  S LICHTENBERG 13:00 KUNDGEBUNG PREROWER PLATZ,"22.2.25

12:30 DEMO
S HOHENSCH√ñNHAUSEN
VORTREFFPU,

M NKT
2:00 s LlCHTEN‚Ç¨E?G¬∞

13:00

KUNDGEBUNG
PREROWER PLATZ"
0198.jpg,fancy,"ZEIT ZU HANDELN AFD-WAHLPARTY ST√ñREN! FIGHT AfD! SONNTAG, 23.2. WAHLTAGPROTEST 15.30 UHR SAMMELPUNKT Eingang Gesundbrunnen Center antifaschistisch ¬∑ queerfeministisch ¬∑ klimagerecht antirassistisch ¬∑ klassenk√§mpferisch","n

ZEIT ZU HANDELN

WAHLTAGPROTEST

antifaschistisch - queerfeministisch - klimagerecht
antirassistisch - klassenk√§mpferisch"
0199.jpg,skewed,"RECHTEN MARSCH DURCH MITTE STOPPEN! SAMSTAG, 22.02.25 SCHIFFBAUERDAMM 1 AB 11:30 UHR STOPPEN! F√úR EINE VIELF√ÑLTIGE UND SOLIDARISCHE GESELLSCHAFT!","RECHTEN MARSCH

SAMSTAG, 22.02.25
SCHIFFBAUE&DAMM 1

FU EINE VIELFA'EHGE :
UND SOLIDARISCHE GESE[LSCHAFT' \"
0200.jpg,skewed,NEIN ZUR AFD! DER AFD KEINE PLATTE LASSEN! 22.02.2025 AB 13:00 UHR GEGEN DIE AFD ABSCHLUSSKUNDGEBUNG UND IHRE POLITIK! PREROWER PLATZ NEU ‚Äì HOHENSCH√ñNHAUSEN,"NEIN ZUR AFDI
‚Äîd

DER AFD KEINE PLATTE LASSEN!

2.02.2025

/ AB 13:00 UHR

GEGEN DIE AFD
ABSCHLUSSKUNDGEBUNG

"" REROWER PLATZ

NEU - HOHENSCH√ñNHAUSEN"
0201.jpg,fancy,Brandmauer durch Merz und Co. gefallen Gegen die Normalisierung von Transfeindlichkeit und Faschismus! So 09.02. Willy-Brandt-Haus 15.00 Uhr Protestzug zur CDU Bundesgesch√§ftsstelle Unsere Protestwelle: 27.01 - 9.02 - 20.02 - 22.02,"Bvandmau x @5

se09.r 2.L‚Äò\7

Willy-Brandt-Haus \ \}\
15.05 Uhr

Protestzus zur ""‚ÄùLF
CDU Bundesgesch√§ftsstelle

% J
Unsere Protestwelle: 27.01 - 9.02 - 20.02 - 22.02"
0202.jpg,skewed,"Gegen Faschismus, Queer- und Frauen- Feindlichkeit! 14.12. ca. 12.30 Uhr Friedrichshain Markgrafendamm 24c & 25 Neuwahlen? Jetzt erst recht: f√ºr ein buntes statt braunes Berlin! Klima statt Hetze Nazi Aufmarsch verhindern Neuwahlen? Jetzt Erstrecht: wider¬≠setzen! WERDE nun aktiv Gegenprotest ‚Äì dem Naziaufmarsch widersetzen ‚Äì nun aktiv werden! ORDNER*INNEN & AWARENESS GESUCHT","$
\ U X A R S01
H x ME
ETZWERK ET A
EERFEM ‚Äò Q Denken AUFSTEHEN GEGEN-RASSISMUS DE

Gegenprotest - dem Naziaufmarsch widersetzen - nun aktiv werden!

MRIr RECLAIM ‚Äò ‚Äî"
0203.jpg,fancy,"SUBKULTUR GEGEN AMAZON Dogshit Skatepark N√§he S+U Bfh Warschauerstr. 29.11, ab 17:30h % FOR SALE % TOWER TO THE PEOPLE 161 FUCK OFF ACAB 1312","KOLT√úRGEGEN AMAZON
N√§he S+U Bhr Warschauerstr,
OTEn T7n"
0204.jpg,skewed,14.00 Uhr 16.11. Friedrichshain Forckenbeckplatz Berlin es reicht: transfeindlichkeit t√∂tet Neuwahlen erstrecht: k√§mpfen statt sterben! klima statt Hetze OPEN MIC optional ANONYM Neuwahlen: Faschismus t√∂tet - nun widersetzen! ORDNER*INNEN UND AWARENESS GESUCHT Forckenbeckplatz (Start) √ºber Rigaer sowie Frankfurter Tor (Zwischenkundgebung) zum Mariannenplatz (Abschlusskundgebung),"E Neuwahlen:
'√Ñ } Faschismus
√∂ t√∂tet - nun
.8 W|dersetzen'

DY \
X
Y
Z
LE V m 0% @¬∞
[ elubliebe da
SCIENTIST B
REBELLION B
n KL"
0205.jpg,simple,ZEIT ZU HANDELN Die AfD-Party zur Landtagswahl versauen! Solidarisch gegen den Rechtsruck antifaschistisch ¬∑ queerfeministisch ¬∑ klassenk√§mpferisch ¬∑ klimagerecht Kundgebung 14:20 Uhr | Potsdam Hbf. Demo gegen die AfD-Wahlparty 16 Uhr | Bhf. Potsdam-Marquardt Anreise aus Potsdam: 15:36 Uhr | Hbf. (Gleis 1 | RB 21) Anreise aus Berlin: 13:21 Uhr | Ostkreuz (Gleis 5 S7) 22.09.2024 | Potsdam,"ZEIT ZU HANDELN

Die AfD-Party zur Landtagswahl versauen!

22.09.2024 | Potsdam"
0206.jpg,skewed,"ZEIT ZU HANDELN - GEGEN DIE AFD-WAHLPARTY IN BERLIN! AfD Wahlparty-Ort ist nun bekannt, Gegenprotest nun alle teilen! 17 UHR | Berlin Alt-Blankenburg 12 N√§he S-Bhf. Blankenburg zeitzuhandeln.org","17 UHR | Berlin
Alt-Blankenburg 12
N√§he S-Bhf. Blankenburg"
0207.jpg,skewed,Frankfurt bleibt bunt! Sch√∂ner ohne AfD! 16. August - ab 15:30 Uhr N√§he Marktplatz Gegenkundgebung mit Kultur,@muk√üwÔ¨Ç* bloÔ¨ÅbÔ¨Å E9@lil*l
0208.jpg,simple,"ELS√ÑSSER, HALTS MAUL! Sa 13.7.24 Demo gegen das Compact Magazin Startpunkt 15:00 Uhr Falkensee Bahnhof gemeinsame Anreise: 14:05 Ostkreuz Gl. 2 mit Musik von Paul Geigerz√§hler V.I.S.D.P Otto Roth, Lilienstra√üe 161, 14612 Falkensee","ELS√ÑSSER, Sa_13.7.24
HALTS MAUL!

‚Äö Compact Magazin
S

Startpunkt 15:00 Uhr
Falkensee Bahnhof

gemeinsame Anreise:
14:05 Ostkreuz Gl. 2

mit Musik- von

Paul Geigerz√§hler
P

4O

V.I.S.D.P Otto Roth, Lilienstra√üe 161# 14612 Falkensee"
0209.jpg,skewed,"INFOS: Mach Dich schlau & dann mach mit widersetzen.com AfD Parteitag verhindern 28. ‚Äì 30. Juni 2024 in Essen Freitag, 19 Uhr: Rave-Demo & gro√ües Aktionsplenum Samstag, 6 Uhr: Demonstrationen & massenhaftes Widersetzen Mit dem Bus nach Essen! Gemeinsam widersetzen","widersetzen.com

INFOS:
Mach Dich
schlau & dann
mach mit

>

AfD Parteita
verhinden%

Mit dem Bus
nach Essen!

Gemeinsam
widersetzen

28. - 30. Juni 2024 in Essen

Freitag, 19 Uhr: Rave-Demo & gro√ües Aktionsplenum
Samstag, 6 Uhr: Demonstrationen & massenhaftes Widersetzen"
0210.jpg,fancy,SUBCULTURE AGAINST PATRIARCHY! DEMO  08.03.2024 14:00‚Äì20:00 START: STRALAUER PLATZ (OSTBAHNHOF) + AFTERPARTY,"lnouznm%
START: STRALAUER PLAT
__(OSTBAHNHOF)"
0211.jpg,fancy,"Sonntag, 16 Uhr BUNDESTAG 21.01.24 16:00 BUNDESTAG ZUSAMMEN GEGEN RECHTS wir bleiben pr√§sent",
0212.jpg,fancy,FRAUEN- SCHL√ÑGER AUS DER STADT JAGEN! GEGEN DEN AUFTRITT VON TOM SCHWARZ! @FRAUENKAMPFTAG.SFO | @KEINESHOWFUERTAETER_BERLIN Demo: 25. November 2023 16:30 Uhr * Boxhagener Platz * Berlin Internationaler Tag zur Beseitigung patriarchaler Gewalt KEINE SHOWS F√úR T√ÑTER!,"4R
Y Y
¬© FRAUENKAMPFTAG.SFO | ¬© KEINESHOWEUERTAETER¬ÆBERLIN }

Demo: 25. November 2023

16:30 Uhr * Boxhagener Platz * Berlin
Internationaler Tag zur Beseitigung patriarchaler Gewalt"
0213.jpg,simple,"KEINE PROFITE MIT VERSCHW√ñRUNGS- IDEOLOGIEN Ganser raus aus der Stadthalle! DEMONSTRATION 22.10.23 FALKENSEE 17:30 UHR | BAHNHOF FKS V.i.S.d.P.: Otto Roth, Lilienstra√üe 161, 14612 Falkensee @afa.fks","KEINE PROFITE MIT
VERSCHW√ñRUNGS-
IDEOLOGIEN

Ganser raus aus
der Stadthalle!

DEMONSTRATION
22.10.23
FALKENSEE

17 30 UHR | BAHNHOF FKS

(¬©) @afa.fks"
0214.jpg,fancy,KEIN RAMMSTEIN VOR GERICHT STATT AUF DIE B√úHNE! STOMP THE PATRIARCHY 15.07.23 IN BERLIN SA. 15. JULI ‚Äì 14:30 UHR THEODOR-HEUSS-PLATZ CA. 16:00 UHR ‚Äì OLYMPIASTADION + MUSIK,"S
<L
‚Äú
‚Äú
n
LE}
=
frƒ±
7r
[=‚Äî
( ]
I =
=)
frƒ±
S
I
o
Z=
=
‚Äî
>
D
&mM
ƒ±
=
=
>
L
LE
<
(de)"
0215.jpg,skewed,HUMMUS & BASS STATT HETZE & HASS ANTIFA PICKNICK GEGEN QUERDENKEN PARTY IM MAUERPARK SAMSTAG 3.6. ab 16.30 UHR,"HUMMUS &
‚Äû BASS

STATT

HETZE

& HASS
ANTIFA
PICKNICK
GEGEN

QUERDENKEN
PARTY

IM MAUERPARK"
0216.jpg,skewed,KRITISCHE PERSPEKTIVE AUF DEN OSTERMARSCH ‚Äô23 SAMSTAG 08.04. AB 13 UHR ‚û§ M√úLLERSTRASSE 146 Warum Linkssein.. ..nicht vor Konservatismus sch√ºtzt.. HUFEISENTHEORIE ?QUERFRONT? ..Die Hufeisentheorie aber trotzdem falsch ist.,"KRITISCHE PERSPEKTIVE
AUF DEN OSTERMARSCH ‚Äô23

SAMSTAG 08.04. AB 13 UHR > M√úLLERSTRASSE 146

VE TTT
Linkssein..

‚Äûnicht vor
Konservatismus
sch√ºtzt..

‚ÄûDie Hufeisentheorie
aber trotzdem ': ""ist."
0217.jpg,simple,"GEGENKUNDGEBUNG ZUR RECHTSOFFENEN QUERFRONTDEMO ‚ÄûAUFSTAND F√úR FRIEDEN‚Äú SAMSTAG, 25.02. AB 14 UHR Im Tiergarten gg√º. US-Botschaft, Ecke Platz des 18. M√§rz RIGHT TO RESIST LINKE UKRAINE-SOLIDARIT√ÑT BERLIN @righttoresistUA GERADEDENKEN","GEGENKUNDGEBUNG

ZUR RECHTSOFFENEN QUERFRONTDEMO

‚ÄûAUFSTAND F√úR FRIEDEN‚Äú

'??p

¬Æ

SAMSTAG, 25.02. AB 14 UHR VEHTTORESST
Im Tiergarten gg√º. US-Botschaft, B
Ecke Platz des 18. M√§rz

@ GERADEDENKEN"
0218.jpg,simple,Geradedenken pr√§sentiert: CAPTAIN FAIL VS. B√ñHMERMANN Montag 09.01.2023 18:00 Uhr Max-Schmeling-Halle,"Geradedenh√©n pr√§sentiert:

¬ª[APTAIIIILI‚ÄôE@3VS Han g

Montag 09.01.2023
18:00 Uhr
Max-Schmeling-Halle"
0219.jpg,skewed,Stra√üenFFFest 3.9.22 14:30 Laufdemo Leopoldplatz 16-19 Uhr Mauerpark Stra√üenfest ab 19 Uhr Rave in den Abend FRIDAYS FOR FUTURE Berlin Geradedenken,"SiraBenFFFesi_

|_ vmnƒ±
14:30 Laufdemo Leopoldplatz

16-19 Uhr"
0220.jpg,fancy,2. Antifaschistisches PICKNICK Gegen Querdenken und Rechts IM MAUERPARK 06.08 SAMSTAG ab 14 Uhr Musik & Kundgebung,"Gegen Querdenken
und Rechts"
0221.jpg,fancy,GEGEN KRIEG FASCHISMUS UND QUERFRONT Kein Platz f√ºr Verschw√∂rungsideolog*innen und ihre rechtsoffene ¬ªFriedenskundgebung¬´ auf dem Wei√üenseer Antonplatz! DEMO 25.06.22 12¬≥‚Å∞ UHR ANTONPLATZ WEISSENSEE www.antifa-nordost.org,"GEGEN KRIEG
TASCHISMUS
ZQUERFRONT

Kein Platz f√ºr Verschw√∂rungsideolog*innen
und ihre rechtsoffene ¬ªFriedenskundgebung¬´
auf dem Wei√üenseer Antonplatz!

p[""g 25.06.22 12‚Äú UUR
ANTONPLATZ WEISSENSEE"
0222.jpg,skewed,GEGEN SOZIALE UNGERECHTIGKEIT UND KRIEG DER KOMMT! WEDDING QUERDENKEN GEHT! #b0105wedding #SPAZIERSTOP 1. MAI 13 UHR NETTELBECKPLATZ DIE LINKE WEDDING | OMAS GEGEN RECHTS | GERADEDENKEN KEIN SCHULTERSCHLUSS MIT RECHTEN & ANTISEMIT:INNEN,"Mb‚ÄûuÔ¨Ç√º'.nl@lo.ti
A |

DIE LINKE WEDDING / OMAS GEGEN RECHTS

‚Äûllll$√ülÔ¨ÇlÔ¨Ç'l$√ü‚Äòllll&‚Äòb'Ô¨Ålf\ LL
BECHTEN & ANTISEMIT:INNEN"
0223.jpg,fancy,SAMSTAG AB 13:30 UHR Querdenken VERSENKEN AFD is a TRAP IM G√ñRLI EINGANG SKALITZER Omas gegen Rechts | GeradeDenken Antiverschwurbelte Aktion,"S

‚ÄîAB 13:30 UHR"
0224.jpg,skewed,"SPAZIER STOP Lokal Dezentral √úberall + Putinfans GEGEN QUERDENKEN UND RECHTS KASTANIENALLEE/ZIONSKIRCHSTRASSE MONTAG, 28.02. 19 UHR JEDEN MONTAG DEMO No 9 NEUER STANDORT","‚Äî _ +Putinfans
A GEGEN QUERDENKEN UND RECHTS
KASTANIENALLEE/ ZIONSKIRCHSTRASSE
MONTAG, 28.02. 19 UHR"
0225.jpg,fancy,Berlin! Besser ohne die Junge Alternative. 11.12.21 14.30 Kundgebung Washingtonplatz BERLINER B√úNDNIS GEGEN RECHTS,"Berlin?!
Besser ohuer die
Junge Alternative,
[11.12.21

114.30 Kundgebung"
0226.jpg,simple,Alle Geschlechter willkommen! S+U Sch√∂nhauser Allee 13:00 Uhr Barrierearm Maskenblock 08. M√ÑRZ FEMINISM UNLIMITED DEMONSTRATION,"Alle Geschlechter S: SCHONHAUSSLANGS Barrierearm
willkommen! S d Maskenblock"
0227.jpg,fancy,RAUS ZUM FEMINISTISCHEN KAMPFTAG! 8. M√ÑRZ DEMO 2025 19 UHR CEIJA STOJKA PLATZ 1070 WIEN F√úR EINEN UNIVERSELLEN FEMINISMUS!,
0228.jpg,skewed,19.04.2025 Einladung zum Gedenkspaziergang ehm. Zwangsarbeiter*innen-Lager Gro√ümotorenwerk der Daimler- Benz AG in Ludwigsfelde und gemeinsame Gedenkminute am Waldfriedhof,"er 19.04.2025 ;'.\
> Einladung \

b
ƒ± zum G√§denkspanergang ;
‚Äò D /
.

*
r

ehm. Zwangsarbeiter*innen-La√©er
Gro√ümotorenwerk der Daimler- .
Benz AGin Ludwigsfelde und
gemeinsame Gedenkminute √∂
. am Waldfriedhof"
0229.jpg,skewed,WIR BLEIBEN ALLE! POLITISCH MOTIVIERTE ABSCHIEBUNGEN STOPPEN DEMO FR. 18. APRIL 16¬∞¬∞ ALEX,
0230.jpg,fancy,"PROPAGANDA DER YUPPIESCHWEINE PunkRock_Lyrik gegen die Arbeit Donnerstag, 17.04.25, 19:00 Uhr RegenbogenCaf√©","PunkRock_Lyrik
gegen die Arbeit

Donnerstag, 17.04.25, 19:00 Uhr
RegenbogenCafe"
0231.jpg,fancy,"STUDENTISCHE FREIR√ÑUME UND PROTEST AN DER FU VORTRAG IM ROTEN CAF√â Di, 15. APRIL AB 18 UHR IHNESTR. 22, KELLER VORTRAG UND DISKUSSION K√úFA UND GETR√ÑNKE (GEGEN SPENDE) GEGEN IHRE KRIEGE","STWDENTZSCHE FRE HAIIH
|‚Äòl\ ET ANDER FU

15 APRII.

AB 286 UHR"
0232.jpg,skewed,"Save the Date! 13.04.25 15‚Äì21 Uhr Diskussion, Basteln, Soli-Merch, Cr√™pes & Drinks Balkanbr√ºcke Fr√ºhlingsevent beim Wagenplatz Lohm√ºhle Lohm√ºhlenstra√üe 17, 12435 B","Save the Date!
13.04.25
15-21 Uhr

Diskussion,

so,i‚ÄîMel'ch
Crepe&s
& Drink
Balkanbr√ºcke s
Fruhlmgsevent"
0233.jpg,simple,"DEMONSTRATION 15:00 05.04.2025 U-BERNAUERSTRASSE F√ºr eine demokratische L√∂sung der kurdischen Frage und die Freilassung von Abdullah √ñcalan, dem Repr√§sentanten des kurdischen Volkes.","DEMONSTRATION

05.04.2025

U-BERNAUERSTRASSE

F√ºr eine demokratische L√∂sung der
kurdischen Frage und die Freilassung
von Abdullah √ñcalan, dem
Repr√§sentanten des kurdischen Volkes,"
0234.jpg,simple,#TeslaTakedown 5. April - 12 Uhr Kundgebung Tesla Store Wilhelmstr. Berlin,"#TeslaTakedown
5. April - 12 Uhr

Kundgebung

Tesla Store Wilhelmstr. Berlm

ST IT HE
Bewegt Politik"
0235.jpg,simple,NEIN ZUM VETERANENTAG antikieg.blackblogs.org Provisorischer anarchistischer Antikriegsrat Berlin INFOTREFFEN / MOBI GEGEN DEN VETERANENTAG information and mobilization for the protest against the first German Veterans Day 3. April 2025 / 20:00 Fischladen Rigaerstr. 83 / 10247 Berlin U-Bhf Samariterstrasse,"INFOTREFFEN / MOBI GEGEN
DEN VETERANENTAG

information and mobilization for the protest
against the first German Veterans Day

3. April 2025 / 20:00

Fischladen Rigaerstr. 83 / 10247 Berlin
U-Bhf Samariterstrasse"
0236.jpg,simple,"SOLIDARISCHER STAMMTISCH GEGEN 500 MILLIARDEN KRIEGSKREDITE Diskussion & Abendessen am 1. April ab 19:00 im Maggie, Frankfurter Allee 205","SOLIDARISCHER STAMMTISCH GEGEN

Diskussion & Abendessen am 1. April ab
19:00 im Maggie, Frankfurter Allee 205"
0237.jpg,simple,"Kundgebung Gerechtigkeit f√ºr Cleo! Gegen Racial Profiling und Transmisogynoir! Mo, 31. M√§rz um 12 Uhr Justizzentrum Potsdam J√§gerallee 10-12 14469 Potsdam","Gerechtigkeit f√ºr Cleo!

Gegen Racial Profiling
und Transmisogynoir!

Mo, _ 31. M√§rz um 12 Uhr
Justizzentrum Potsdam
√§gerallee 10-12
14469 Potsdam"
0238.jpg,fancy,BLEIBERECHTSKAMPF ABEND 18.00 - 20.00 FLINTA only *create a save space* open mic* 20.00 - 23.00 all gender welcome *BANDS* *THEM PRETTY SONGS* *INTENSIVE SNARE UNIT* 23.00 - open end all gender PARTY im CAFE U Bernkastelerstr. 78 13088 Berlin 28.03,"BLEIRERECHTSKAMPF

D END

Ar .00 - 20.00 FLINTA 00y
/ y ovenie. 0 SOVE SP<U‚Äî*‚Äò¬∞FIV\ MC
vr welcomg

(E THEM PRETTY -SONGS%
Gr INTENSIVE SNARE. UNLT#"
0239.jpg,photo,Vergessene Arbeitsk√§mpfe PUNK Abend Eintritt: 8‚Ç¨ Roter Salon in der VOLKSB√úHNE Wann: 24.11. Wer: LITBARSKI + COLORED MOTH 21 UHR arbeitskaempfe@volksbuehne-berlin.de,
0240.jpg,simple,"#KeinFussbreit! Antisemitismus und Rassismus t√∂ten - rechter Terror bedroht unsere Gesellschaft! Demonstration: Sonntag - 13.10.2019 - 13 Uhr Bebelplatz - Berlin-Mitte unteilbar.org/keinfussbreit Foto: Allexkoch, CC BY-SA 4.0","#KeinFussbreit!
Antisemitismus und
Rassismus t√∂ten -
rechter Terror bedroht
unsere Gesellschaft!
Demonstration:
Sonntag=13.10.2019 - 13 Uhr
Bebelplatz- Berlin-Mitte
unteilbar.org/keinfussbreit

Foto: Allexkoch, CC BY-SA 4.0"
0241.jpg,simple,Spaziergang mit dem Grundgesetz 19.12.2020 Rosa-Luxemburg-Platz 14:30 Uhr DEMOKRATISCHER WIDERSTAND UNTEILBAR NICHTOHNEUNS NICHTOHNEUNS Wie immer top hygienisch! Der Demokratische Widerstand besteht weiterhin * auf die ersten 20 Artikel unserer Verfassung! * auf die W√ºrde der Alten & der Kranken! * auf Beendigung des obrigkeitsstaatlichen Terrors! * auf Beendigung des Notstands-Regimes! * auf Wahlen & umfassende Transparenz! * auf demokratische Regeln f√ºr unser k√ºnftiges Wirtschaftssystem! Anlass? - LOCKDOWN!,"DEMOKRATISCHER |
W√ÑiDERSTAND

z
fa
=
=
O|
-
z
en
z

}.
!
|
|
|
/
|
|
#

- I5

‚ÄöDer Demokratische Widerstand besteht weiterhin

+ auf die ersten 20 Artikel unserer Verfassung! + auf Beendigung des Notstands-Regimes!
+ auf die W√ºrde der Alten & der Kranken! + auf Wahlen & umfassende Transparenz!
+ auf Beendigung des obrigkeitsstaatlichen Terrors! + auf demokratische Regeln f√ºr unser k√ºnftiges Wirtschaftssystem!"
0242.jpg,photo,SCHAUT NICHT WEG! Stoppt die Nazikampf- trainings in Wei√üensee 06.10.2024 DEMO 13 Uhr Antonplatz KEINEN RAUM DEM III. WEG! schautnichtweg.noblogs.org schautnichtweg_,"| [SCHAUT NICHT WEGT] |

A W 1
M

ƒ± 06.10.2024 DEMO
/ R Uhr Antonplatz"
