file_name,output
0001.jpg,""
0002.jpg,"Entit√§ten: Ort (Gro√üer Garten), Datum (8.8.2021), Zeit (16:00 Uhr), Kategorie (Kundgebung), Thema (SOLIDARIT√ÑT MIT ALLEN!)"
0003.jpg,"Entit√§ten: Ort: Mahnmal Levetzowstra√üe, Berlin-Moabit 9, Datum: 9. November 1938, Zeit: 18:00 Uhr, Kategorie: Kundgebung, Thema: Solidarit√§t mit den Opfern des deutschen Antisemitismus und Rassismus!"
0004.jpg,"**Ort:** Grundschule Islandstra√üe, Islandstra√üe 25

**Datum:** 21.12.

**Zeit:** 19 Uhr

**Kategorie:** Festlegung von Festlegung von Feiertabende

**Thema:** Festlegung von Feiertabende"
0006.jpg,"Entit√§ten: Ort (Gestohlene Stra√üe), Datum (21.12.), Zeit (15:00 Uhr), Kategorie (Demonstration), Thema (Studiumprojekt)"
0007.jpg,""
0009.jpg,"Entit√§ten: Ort(Burggasse 71), Datum(10. Mai 2022), Zeit(19:30 Uhr), Kategorie(Ateliertheater), Thema(The English Lovers)"
0010.jpg,"**Ort:** GRUNDGESETZ MEDITATION
**Datum:** 02.05.2020
**Zeit:** 15:30 Uhr
**Kategorie:** Kundgebung
**Thema:** REWE BLIESKASTEL"
0011.jpg,"Entit√§ten: Ort =?, Datum = 11. Januar 2025, Zeit = 19 Uhr, Kategorie = Kundgebung, Thema = PROTEST GEGEN DEN AFD- BUNDESPARTEITAG STOPPT DIE AfD Aufstehen-gegen-Rassismus.de"
0012.jpg,"Entit√§ten: Ort (Berlin), Datum (29.08.2020), Zeit (19:00 Uhr), Kategorie (Kundgebung), Thema (Gro√üdemo)"
0013.jpg,"Entit√§ten: ORANIENPLATZ, Datum: 19. Februar, Zeit: 19 Uhr, Kategorie: Kundgebung, Thema: Rassismus und Faschismus"
0014.jpg," **Ort:** MBI NYP, **Datum:** 5. Juli 2023, **Zeit:** 19 Uhr **Kategorie:** Kundgebung **Thema:** Sexismus und sexualisierte Gewalt auf Festivals & Co MBI NYP"
0015.jpg,""
0016.jpg,"Entit√§ten: Ort (Treptow), Datum (16.11.2024), Zeit (11 bis 13 Uhr), Kategorie (Workshop), Thema (Do it Yourself Bau)"
0017.jpg,"**Entit√§ten:** Ort: Sowjetische Ehrenmahl Buch, Datum: 08.05.2021, Zeit: 19 Uhr, Kategorie: Kundgebung, Thema: Befreiung vom Faschismus"
0018.jpeg,"Entit√§ten: Ort (KASSEL), Datum (29.01.2022), Zeit (14.00 Uhr), Kategorie (Kundgebung), Thema (Impfpflicht)"
0019.jpg,""
0020.jpg,"**Ort:** MEISTERSINGERHALLE N√úRNBERG
            **Datum:** 06.09.2020
            **Zeit:** 15:30 Uhr
            **Kategorie:** Demonstration
            **Thema:** MASKENPFLICHT"
0022.jpg,"**Ort:** Berlin
**Datum:** 13.08.2022
**Zeit:** 14.00 Uhr
**Kategorie:** Demonstration
**Thema:** Aktion Resistance Frustration Gem√§√ükeit√§t Widerstand Hoffnung Aufwuchs Netzwerk Isolation Resilience SOLIDARIT√ÑT TraumaUER FLUCHT AUSBEUTUNG NEUANFANG 1 JAHR TALIBAN REGIME DEMO: SAMSTAG, 13.08.2022"
0023.jpg,"**Ort:** Biberach Gigelberg | **Datum:** 09. Mai | **Zeit:** 15.30 Uhr | **Kategorie:** Kundgebung | **Thema:** Biberach Gigelberg Demo Wahrung der Grundrechte und Freiheit Impfentscheidung Art.1: Die W√ºrde des Menschen ist unantastbar... Art.2: Die Freiheit der Person ist unverletzlich... Art.5: Eine Zensur findet nicht statt"
0024.jpg,"**Ort:** Marktplatz Macht, Berlin
            **Datum:** 14. Februar
            **Zeit:** 16 Uhr
            **Veranstaltungsart:** Demonstration
            **Thema:** Gewalt an Frauen"
0025.jpg,"**21.12.**, **Dienstag**, **19 Uhr**, **Kundgebung**, **Landtagswahlen**"
0026.jpg,""
0027.jpg," Der Event ist ein **Kundgebung** und dient der **Vereinfachung** der Verkehrsabwicklung in der Region."
0028.jpg,"
Entit√§ten: Ort(Dresden), Datum(20.06.), Zeit(16:30 Uhr), Kategorie(Kundgebung), Thema(Kunde entdecken)"
0029.jpg,"**Ort:** Laskerstra√üe 5, **Datum:** 13.11.2021, **Zeit:** 13 Uhr, **Kategorie:** Kundgebung, **Thema:** Zukunft am Ostkreuz**"
0030.jpg,"
Entit√§ten: Ort(Schluss), Datum(13.6.), Zeit(16:30 Uhr), Kategorie(Kundgebung), Thema(CORONA!)"
0031.jpg,""
0032.jpg,"
Entit√§ten: Ort(WORKSHOP EINF√úHRUNG), Datum(16.01. & 18.01.2025), Zeit(15 - 18:00 Uhr), Kategorie(Kundgebung), Thema(Dadaismus)"
0035.jpg,"**Entit√§ten: Ort (Salvator), Datum (17.02.2024), Zeit (19 Uhr), Kategorie (Kundgebung), Thema (Salvator Neue Z√§hne bei√üen gut)**"
0036.jpg,"**Entit√§ten:** Ort: Nottul, Datum: 21.12., Zeit: 19:00 Uhr, Kategorie: Kundgebung, Thema: Limited Booze Boys FREITAG"
0037.jpeg,"**Ort:** U-BHF T√úRMSTR | **Datum:** 18.12. | **Zeit:** 19 Uhr | **Kategorie:** Demonstration | **Thema:** Freie Freiheit f√ºr Neuk√∂ll!"
0039.jpeg," **Ort:** Berlin, **Datum:** 18.03.25, **Zeit:** 19:00 Uhr, **Kategorie:** Kundgebung, **Thema**: Free Anatomy & Performance Art"
0040.jpeg,"Entit√§ten: Ort = M√ºhlstrasse 14 e.V., Datum = 21.03., Zeit = 18:00 Uhr, Kategorie = Kundgebung, Thema = Soziokulturelles Austausch"
0041.jpg,"**Entit√§ten:** Ort: Berlin, Datum: 21.12., Zeit: 19 Uhr, Kategorie: Kundgebung, Thema: Rumbles in der Jungle"
0043.jpg,"**Ort:** Stra√üen 12, 12345 Anytown
            **Datum:** 11. JANUAR 2025
            **Zeit:** 19:00 Uhr
            **Veranstaltungsart:** Kundgebung
            **Thema:** STABIL BLEIBEN UND MASSENHAFT WIDERSETZEN! LIVE DABEI: ‚òÖ ZSK ‚òÖ UND WEITERE ACTS!"
0044.jpg,"Entit√§ten: NICHT OHNE UNS! (Ort), Datum (21.12.), Zeit (14:30 Uhr), Kategorie (Kundgebung), Thema (Willi-Brandt-Platz Unsere Demo)"
0045.jpeg,"**Ort:** KASSEL WELTWEIT, **Datum:** 21.12., **Zeit:** 19 Uhr, **Kategorie:** Kundgebung, **Thema:** Gro√üdemo KASSEL Fr√ºhlingserwachen ‚Äì Die Welt steht auf!"
0046.jpeg,"**Ort:** Hermannstra√üe 48, Berlin
**Datum:** 01. M√§rz 2025
**Zeit:** 20 Uhr
**Kategorie:** Kundgebung
**Thema:** Die beste (nicht)Karnevals-Kost√ºm Party"
0047.jpg,"**Kundgebung**
            **JUBIL√ÑUM SSHOW**"
0049.jpg,"Entit√§ten: Ort (Dreieich), Datum (21.12.2024), Zeit (20:30 Uhr), Kategorie (Kundgebung), Thema (Silvester Silvester & Wunschfeuer)"
0050.jpg,"Entit√§ten: Ort (M√ºnchner Freiheit), Datum (15. August), Zeit (17:30), Kategorie (Veranstaltung), Thema (LEBENSFREUDE)"
0051.jpg,"Entit√§ten: Ort (Stra√üen mit Hausnummern 23, 45, 67), Datum (29.12.2023), Zeit (19 Uhr), Kategorie (Kundgebung), Thema (FREIHEIT #23)"
0052.jpeg,""
0054.jpg,"**21.12.**
    **Zeit:** 19 Uhr
    **Kategorie:** Kundgebung
    **Thema:** JANIS VON DEM BORNE MARION METTERNICH DETLEF WINTERBERG"
0055.jpg,"Entit√§ten: Ort=N/A, Datum=23.07.2025, Zeit=23‚Äì7 Uhr, Kategorie=Kundgebung, Thema=Soliparty f√ºr Frauen auf der Flucht (ROSA e.V.)"
0057.jpg,"Entit√§ten: Ort(HOCUS POCUS DIE INTERNATIONALE ZAUBERGALA), Datum(13. & 15.5.2022), Zeit(19 Uhr), Kategorie(VERANSTALTUNGSFORUM), Thema(STADTSAAL F√úRSTENFELD)"
0059.jpg,""
0060.jpg,"Entit√§ten: Ort(Brakula), Datum(22.04.), Zeit(20.12 Uhr), Kategorie(Kundgebung), Thema(POETRY B'N'B DEIN FAST PRIME-TIME POETRY SLAM 26. April 2024)"
0061.jpg,"**21.12.**, **Dienstag**, **10:00 Uhr**, **Kundgebung**, **Freedom Parade**"
0062.jpg,"**21.12.**, **Dienstag**, **19 Uhr**, **Kundgebung**, **Leseleben**"
0063.jpg,"
Entit√§ten: Stephansplatz, Datum: 17.03.2023, Zeit: 19:30 Uhr, Kategorie: Kundgebung, Thema: Gaslobby"
0064.jpg,"**Ort:** KIEZKLUB Treptow-Kolleg
****Datum:** 1. Juli 2023
****Zeit:** 14 ‚Äì 18 Uhr
****Veranstaltungsart:** Kundgebung
****Thema:** Kreistanzgruppe, Elvis Presley Kinder- und Erwachsenen-Tanzteam, Fahrradkennzeichnung, Malen und Basteln"
0066.jpg,"
            Montag, 9. November 2022, 19 Uhr
            Kundgebung
            HocusPocus Zauberkunst"
0067.jpeg,"
Entit√§ten: Ort = Stadtteilkomitee_lichtenberg, Datum = 15.03.2025, Zeit = 15:00 Uhr, Kategorie = Kundgebung, Thema = Heart of Gaza"
0071.jpg,""
0072.jpg," **Ort:** Bahnhof Ried
            **Datum:** 14.02.2024
            **Zeit:** 16:30 Uhr
            **Veranstaltungsart:** Kundgebung
            **Thema:** Zusamehalten gegen Rechtsoberen"
0073.jpeg,"
Entit√§ten: Ort(Rigaer Stra√üe 94), Datum(21.12.), Zeit(19:00 Uhr), Kategorie(Kundgebung), Thema(Vorf√ºhrung von K√ºnstlern)"
0074.jpg,""
0075.jpg,"
Entit√§ten: Ort (About Blank, Berlin), Datum (26. April), Zeit (14:00 - 19:30), Kategorie (Kundgebung), Thema (Blank Party)"
0078.png,"Entit√§ten: Ort (Robert Johnson Running Back Riotvan), Datum (21.12.), Zeit (19 Uhr), Kategorie (Kundgebung), Thema (Live Sara Miller)"
0080.jpg," **Ort:** Dornbirn Marktplatz
**Datum:** 18. Februar 2024
**Zeit:** 17:30 Uhr
**Kategorie:** Kundgebung
**Thema:** Demokratie und Menschenrechte"
0081.jpg,"**21.04.23**
    **19 Uhr**
    **Kundgebung**
    **Kinderschminken**"
0082.jpg,"
Entit√§ten: Ort (Platz ohne Namen Falckensteinst), Datum (24.02.2024), Zeit (14:00 Uhr), Kategorie (Demonstration), Thema (Wrangelkiez am Platz ohne Namen Falckensteinst)"
0086.jpg,"
Entit√§ten: Stra√üen mit Hausnummern, Datum: 21.12., Zeit: 16-18 Uhr, Kategorie: Kundgebung, Thema: Soll das zu meiner neuen Normalit√§t werden"
0089.jpeg,"
Entit√§ten: FRIEDRICHSPLATZ KASSEL VOR DEM FRIDERICIANUM KUNDGEBUNG & AUFZUG Grundrechte gelten! | 21.12. | 19 Uhr | Kundgebung | Familie-Fun"
0090.jpeg,"
Entit√§ten: Ort = LANDESZEIT, Datum = 20.11.2021, Zeit = 12:00, Kategorie = WELT, Thema = WORLD FREEDOM DAY"
0091.jpg,"
Entit√§ten: Ort: Cottbus, Datum: 08. - 11. August 2024, Zeit: 19 Uhr, Kategorie: Kundgebung, Thema: Mobile Diskothek VERITAS"
0093.jpg,"**21.12.**, **Dienstag**, **19 Uhr**, **Kundgebung**, **Kniefahren**"
0094.jpg,"**Ort**: Mariannenplatz
            **Datum**: 26.04.2020
            **Zeit**: 12:00 - 19:00
            **Kategorie**: Trauerfeier
            **Thema**: *1949 - 2020*"
0095.jpg,"**Ort:** Bohemian Strawberry üçì & AmSTARt
**Datum:** 21.12.
**Zeit:** 19 Uhr
**Kategorie:** Kundgebung
**Thema:** ICH BRAUCHE EINE GENIE VOL. 15 POPkultur, Feminismus, Change und so... Songbook Releaseparty LIVE: KATRIN ACHINGER LESEPERFORMANCES & 1-SONG-SETS: ANNETTE BENJAMIN (HANS-A-PLAST), BERNADETTE LA HENGST, DAYN, DIE SUPERERBIN, ELKE BRAUWEILER, FAULENZA, FELINE & STRANGE, HANSJANA, LYDIA DAHER, MALONDA, MARIAMA SAFI, TOTE CRACKHUREN IM KOFFERRAUM MATCHING OUTFITS THE DOCTORELLA BABSI TOLLWUT 12.8."
0096.jpg,"
Entit√§ten: Rosa-Luxemburg-Platz, 21.12., 19 Uhr, Kundgebung, Ren√©"
0097.jpg,"
Entit√§ten: UNTERM TECHNO LIEGT DER PUNK, Datum: 13.12.2024, Zeit: 20 Uhr, Kategorie: Kundgebung, Thema: Emanzipatorische Subkultur & Bewegung in Ostdeutschland"
0098.jpg,"
**Ort:** STUTZBERG
**Datum:** 2. Oktober 2023
**Zeit:** 18:00 Uhr
**Kategorie:** Kundgebung
**Thema:** Benefizveranstaltung von ://about blank und top b3rlin MOVING BEYOND HOPE antinationale amplitude wider die gro√üwetterlage montag"
0099.jpg,"
Entit√§ten: Ort(Volksbuhne), Datum(29.09.), Zeit(21 Uhr), Kategorie(Kundgebung), Thema(Vergessene Arbeitsk√§mpfe PUNK Abend Eintritt 8‚Ç¨ Roter Salon)"
0100.jpg,"
            Kundgebung
            Familie- und Kinderspiel"
0101.jpg,"**Ort:** Alt-Hohensch√∂nhausen Suermondtstra√üe 46
**Datum:** 28. Mai 2021
**Zeit:** 17 Uhr
**Kategorie:** Kundgebung
**Thema:** Stolpersteinverlegung"
0103.jpg,"**Ort**: Mariannenplatz ****Datum**: 17.05.2020 **Zeit**: 14-18 Uhr **Kategorie**: Kundgebung ****Thema**: Kunst und Musik"
0104.jpg,"
Entit√§ten: Ort(Kiezklub Rathaus Johannisthal Sterndamm 102), Datum(21.12.), Zeit(19 Uhr), Kategorie(Drau√üen), Thema(Gl√ºhwein und Gegrilltes Feuertonne und Stockbrot weihnachtliche Livemusik St√§nde mit interessanten Dingen Drinnen: Bastelstra√üe Kindertheater aus dem Koffer Filzen"
0106.jpg,"
Entit√§ten: Ort (Rosa-Luxemburg-Platz), Datum (21.12.), Zeit (19 Uhr), Kategorie (Kundgebung), Thema (Protests gegen Faschismus)"
0108.jpg,"
- Ort: Rosa- Luxemburg- Platz
- Datum: 21.12.2018
- Zeit: 19:00 Uhr
- Kategorie: Kundgebung
- Thema: Jazzanova The Pool Record Release"
0110.jpg,"
Entit√§ten: Ort(A100 WEGBASSEN), Datum(2.9. 14¬∞¬∞‚Äì22¬∞¬∞), Zeit(19 Uhr), Kategorie(Kundgebung), Thema(CLUBS. STADT. KLIMAKRIZE. A100WEGBASSEN)"
0111.jpg,"
**Ort:** Markgrafendamm 24c, 10245 Berlin

**Datum:** 21.12.

**Zeit:** 19 Uhr

**Kategorie:** Kundgebung

**Thema:** Martin Krau√ü (Sportjournalist taz), Dr. Michela Wrong (britische Journalistin), Fabian Kunow (Moderation), und anschl. Kinodokumentation When we were Kings (1997)"
0112.jpg,"
**Ort:** Berlin
**Datum:** 20.09.19
**Zeit:** 15:00 Uhr
**Kategorie:** Kundgebung
**Thema:** Rave auf dem Dancefloor"
0113.jpg,"**Ort:** BERLIN
            **Datum:** 9. MAI 2021
            **Zeit:** 17:30
            **Kategorie:** Demonstration
            **Thema:** Nazideutschland Nie Wiederfaschismus!"
0114.jpg,"
Entit√§ten: Ort (STATT), Datum (15.07.23), Zeit (15:00 Uhr), Kategorie (Veranstaltung), Thema (KEIN RAMMSTEIN VOR GERICHT STATT AUF DIE B√úHNE!)"
0115.jpg,"
Entit√§ten: Ort(N/A), Datum(21.11.), Zeit(20 Uhr), Kategorie(Kundgebung), Thema( soliparty gegen das klima der angst)"
0116.jpg,"
Entit√§ten: Ort(Karlsruhe), Datum(08.08.20), Zeit(12:30‚Äì18 Uhr), Kategorie(Kundgebung), Thema(Meditation LiveStream)"
0117.jpg,""
0118.jpeg,""
0119.jpeg,"
**Entit√§ten:** Ort: Berlin, Datum: 21.12., Zeit: 19 Uhr, Kategorie: Kundgebung, Thema: Pal√§stina Samstag"
0120.jpg,"
Entit√§ten: Ort(STADTHALLE LEONBERG), Datum(22.01.), Zeit(19:00), Kategorie(EINLASS), Thema(Wahlkampf-Veranstaltung STADTHALLE LEONBERG)"
0121.jpg,"
- Ort: Auguste-Viktoria-Allee 99
- Datum: 21.12.2024
- Zeit: 19 Uhr
- Kategorie: Kundgebung
- Thema: Nikolaus"
0122.jpg,"**Ort:** Wien, **Datum:** 25. APRIL, **Zeit:** 20.00 Uhr **Kategorie:** Kundgebung, **Thema:** Lieder, GEDICHTE"
0123.jpg," **solidarit√§tsdemo**"
0124.jpg," **Ort:** Abgeordnetenhaus Berlin, Berlin, Deutschland
            **Datum:** 19.12.2024
            **Zeit:** 19 Uhr
            **Kategorie:** Kundgebung
            **Thema:** Nachhaltigkeit"
0127.jpeg,"
Entit√§ten: Ort (Maggie), Datum (4. M√§rz), Zeit (19:00 Uhr), Kategorie (Kundgebung), Thema (Unser Verst√§ndnis vom Patriarchat und unser Umgang damit Diskussion und gemeinsames Essen)"
0128.jpg,"
**Entit√§ten:** Ort (Stadtumdrehen), Datum (21.12.), Zeit (19 Uhr), Kategorie (Kundgebung), Thema (Wissenschafts-Festival)"
0129.jpg,"
Entit√§ten: Ort (Brandenburger Tor Platz), Datum (13.11.), Zeit (19:00), Kategorie (DEMO), Thema (BerlinIstKultur DEMO GEGEN DIE K√úRZUNGEN IM KULTURBEREICH!)"
0130.jpg,"**Ort:** NochMall 19. Oktober 2024, **Datum:** 21.12., **Zeit:** 19 Uhr, **Kategorie:** Kundgebung, **Thema:** Qualit√§treparatur"
0131.jpeg,"
Entit√§ten: Ort = Marburger Str., Datum = 05.03.2025, Zeit = 12:00 Uhr, Kategorie = Kundgebung, Thema = GENOCIDE STARTS HERE!"
0132.jpg,"
Entit√§ten: Ort (Sea-Watch), Datum (18.02.2023), Zeit (18 Uhr), Kategorie (Kundgebung), Thema (SOS Antifa)"
0133.jpg,"
Entit√§ten: Ort(Marburg), Datum(05.09.2020), Zeit(14:30), Kategorie(Kundgebung), Thema(Dr. Weber)"
0134.jpg,"
- Ort: Mahnmal Levetzowstra√üe Berlin-Moabit
- Datum: 27.05.24
- Zeit: 18:00 Uhr
- Kategorie: Antifaschistische Kundgebung
- Thema: INSTRUMENTALISIERUNG DES ERINNERNS"
0135.jpg,"
Entit√§ten: Ort(S+U Sch√∂nhauser Allee), Datum(8. M√§rz 2025), Zeit(13:00 Uhr), Kategorie(Demo), Thema(FEMINISM UNLIMITED)"
0136.jpg,"
Entit√§ten: Ort(Uhlandstra√üe 51), Datum(27.02.), Zeit(18:15 Uhr), Kategorie(Kundgebung), Thema(GEGEN JEDE NAZI PROPAGANDA!)"
0137.jpg,"
**Entit√§ten:** Ort: Muthsamgasse, Datum: 9. Juli 2022, Zeit: 18.30, Kategorie: Kundgebung, Thema: Kunst Samstag"
0139.jpg,"
Entit√§ten: Ort (Zentrum Kreuzberg), Datum (21.12.), Zeit (19 Uhr), Kategorie (Kundgebung), Thema (Zuckerm√ºse)"
0140.jpg,"**Ort:** Sch√∂neweide Wer?
            **Datum:** 03.02.2024
            **Zeit:** 11‚Äì13.30 Uhr
            **Kategorie:** WORKSHOP Motion-Capture HTW
            **Thema:** Vorkenntnisse ab 7 Jahren"
0142.jpeg,""
0143.jpg,"
Entit√§ten: Ort (Ostkreuz), Datum (14.07.), Zeit (14:00 Uhr), Kategorie (Kundgebung), Thema (Ostkreuz nicht den Nazis √ºberlassen!)"
0145.jpg,"
**Entit√§ten:** Ort: A100 WEGBASSEN, Datum: 06.10.2023, Zeit: 20:00 - 10:00, Kategorie: Kundgebung, Thema: SOLI-RAVE RAVE LIVE ACTS PANEL DISCUSSION"
0146.jpg,"**Ort**: WIDERSPRUCH, **Datum**: 15.12.24, **Zeit**: 11:30‚Äì 19:30 Uhr **Veranstaltungsart**: Kundgebung **Thema**: Antisemitismus im Kultur‚Äì und Clubbetrieb Reflexionen"
0147.jpeg,"**21.12.** | **Dienstag** | **18:00 Uhr** | **Kundgebung** | **Rassismus, Abschiebung und Gewalt**"
0148.jpg,"
Entit√§ten: Ort = N/A, Datum = 01.09.2023, Zeit = 19 Uhr, Kategorie = Kundgebung, Thema = Antisemitismus in emanzipatorischen Subkulturen und Bewegungen Ein Abend mit Nicholas Potter, Stefan Lauer, Rosa Jellinek, Leon Kahane, Konstantin Nowotny und Anastasia Tikhomirova DJ: Ori Raz"
0149.jpg,"**Ort:** M√úNCHEN Prof. Dr. Christoph Hueck Biochemiker | **Datum:** 11.7.2020 | **Zeit:** 10 - 12 Uhr | **Kategorie:** Demonstration | **Thema:** FREIHEIT GRUNDRECHTE SELBSTBESTIMMUNG ZUR FREIHEIT SAMSTAG 11.7.2020"
0151.jpg,"**Ort:** Frankfurter Tor, **Datum:** 08.06.24, **Zeit:** 15 Uhr, **Kategorie:** Kundgebung, **Thema:** TANZ DEMO"
0152.jpg,""
0153.jpg,"
Entit√§ten: Ort(Albertinaplatz), Datum(12.03.1938 - 12.03.2025), Zeit(18:30 GEDENKEN BEIM MAHNMAL GEGEN KRIEG & FASCHISMUS), Kategorie(Kundgebung), Thema(Nie Wiedertritt)"
0154.jpeg,"
Entit√§ten: Ort(LEIPZIG), Datum(21.01.25), Zeit(20:00), Kategorie(Livekonzert), Thema(Liz Meline Meets Snailtape Dienstag)"
0155.jpg,""
0156.jpeg,"
**Entit√§ten:** Ort: Zielona Gora, Gr√ºnbergerstr. 73 BERLINER OBDACHLOSENHILFE e.V.

**Datum:** 21.12.

**Zeit:** 19 Uhr

**Kategorie:** Kundgebung

**Thema:** Obdachlose und hilfsbed√ºrftige Menschen"
0157.jpg,"
Entit√§ten: Ort (Berlin), Datum (17. Dezember), Zeit (15:00 Uhr), Kategorie (Kundgebung), Thema (Russische Bottschatzung)"
0158.jpg,""
0160.jpg,"
            - Ort: ""BUNDESTAGSWAHL - SCHLUSSRUNDE""
            - Datum: ""22.12.""
            - Zeit: ""22:00 Uhr""
            - Kategorie: ""Kundgebung""
            - Thema: ""Alice Weidel"""
0161.jpg,"**Ort:** Brandenburger Tor 3 
            **Datum:** 22.02.25
            **Zeit:** 16 : 00
            **Kategorie:** Kundgebung
            **Thema:** Ukraine Freiheit Demokratie NEIN Putin AfD"
0162.jpeg,"**Ort:** Lottumstr. 10a, Prenzlauer Berg
**Datum:** 05. M√§rz 2025
**Zeit:** 19 Uhr
**Kategorie:** Kundgebung
**Thema:** antifaschistisch organisieren und suchst daf√ºr andere Menschen?"
0163.jpg,"
Entit√§ten: Ort (Berlin), Datum (18.11.2020), Zeit (19 Uhr), Kategorie (Kundgebung), Thema (STOPPT das Infektionsschutzgesetz 18.11.2020 Ab 11:00 Uhr openEnd Unsere Zivilisation - Unsere Regeln!)"
0164.jpg,""
0165.jpg,"**Ort:** Strausberg Kulturpark **
            **Datum:** 21.12. **
            **Zeit:** 19 Uhr **
            **Kategorie:** Kundgebung **
            **Thema:** Tanzparty"
0166.jpg,"
Entit√§ten: WORKSHOP, Datum 12.03.25, Zeit 16-19 Uhr, Kategorie Kundgebung, Thema HOW TO KULTURF√ñRDERUNG WITH KAROLINE LUCKS"
0167.jpg,"
Entit√§ten: Ort = KulTour Flutopfer-Stiftung, Datum = 08.07.2023, Zeit = 14.00 ‚Äì 17.00, Kategorie = Kinderfest, Thema = Children‚Äôs festival"
0169.jpeg,"
Entit√§ten: Ort = Notspecified, Datum = 08.03.2023, Zeit = 17:00, Kategorie = Kundgebung, Thema = Mexiko"
0170.jpeg,"
Entit√§ten: Ort (Caf√© Cralle Hochst√§dter Str. 10a), Datum (21.12.), Zeit (19.00 Uhr), Kategorie (Kundgebung), Thema (Frauenrechte)"
0171.jpg,"
Ort: KOMMT ALLE!
Datum: 02.11.
Zeit: 19:00 - 19:30 Uhr
Kategorie: Kundgebung
Thema: Abstands- und Quarant√§ne-freien Spaziergang jeden Tag im LockDown Ab Montag
```"
0172.jpg,"
Entit√§ten: Ort (Hanau), Datum (17. September), Zeit (16:00 Uhr), Kategorie (Kundgebung), Thema (Stadtlauf ST√ÑRKE ZEIGEN GEMEINSAM GEGEN GEWALT AN FRAUEN 6 km Hanau Marktplatz 2016"
0173.jpg," **21.12.**
    **Zeit:** 19 Uhr
    **Kategorie:** Demonstration
    **Thema:** Die Aufnahme der Menschen an der polaire Belarussischen Grenze!"
0176.jpg,"
- Ort: Michael-Br√ºckner-Str. 9, Sch√∂neweide Bring
- Datum: 30.11.2024
- Zeit: 11‚Äì13 Uhr
- Kategorie: CODING
- Thema: Lern und Lernen"

0177.jpg,"**Ort:** Markt 11 17268 Templin
            **Datum:** 07.09.
            **Zeit:** 14:00 Uhr
            **Kategorie:** Demonstration
            **Thema:** Demo gegen das Sommerfest der AfD"
0178.jpg,""
0179.jpg,"**Ort:** DEMOS, **Datum:** 23.5. bis 8.6.24, **Zeit:** 19 Uhr, **Kategorie:** Kundgebung, **Thema:** Rechts- extremismus"
0180.jpg,"
Entit√§ten: Ort (blank Markgrafendamm 24c), Datum (21.12.), Zeit (19:00 Uhr), Kategorie (Kundgebung), Thema (Queer-Feminismus und Antisemitismus)"
0181.jpg,"
Entit√§ten: Ort(RAHLSTEDT), Datum(28.08.), Zeit(19:00 Uhr), Kategorie(Kundgebung), Thema(ES IST WIEDER SOWEIT!)"
0182.jpg,"
Entit√§ten: Ort=Rostock, Datum=27.08.2022, Zeit=19 Uhr, Kategorie=Kundgebung, Thema=ANTIFA-BLOCK AUF DER LICHTENHAGEN-DEMO"
0183.jpg,"
Entit√§ten: Ort = RAVE KUNDGEBUNG KASTANIENALLEE, Datum = 14. April 2021, Zeit = 14:00 Uhr, Kategorie = Kundgebung, Thema = KASTANIENALLEE"
0185.jpg,"
Entit√§ten: Ort (String), Datum (String), Zeit (String), Kategorie (String), Thema (String)"
0186.jpg,"
Entit√§ten: Ort(Blank Markgrafendamm 24c 10245 Berlin), Datum(11. Oktober 2024), Zeit(19 Uhr), Kategorie(Veranstaltung), Thema(DJ Andreas Michalke & Schallplatten aus Marseille FRENCH CONNECTION PARTY)"
0187.jpg,"**Kundgebung** Autobahnanlagen zur Stra√üenbahn und Buslinie
            **theme** Stra√üenbahn
            **Ort** Breitenbachplatz
            **Datum** 2.6.24
            **Zeit** 16 - 20 Uhr"
0190.jpg,"
Entit√§ten: Ort (10245 Berlin), Datum (20.11.2022), Zeit (19 Uhr), Kategorie (Kundgebung), Thema (SPEKTAKEL WORKSHOP)"
0191.jpg,"
            - Ort: Oranienplatz
            - Datum: 18.12.
            - Zeit: 18:00 Uhr
            - Kategorie: Kundgebung
            - Thema: Krieg in Kurdistan"
0193.jpg,""
0194.jpg," **Ort:** VIELFALT, **Datum:** 17.05.2025, **Zeit:** 19 Uhr, **Kategorie:** Kundgebung, **Thema:** Kinder und Erwachsene"
0195.jpg,"
Entit√§ten: BERLIN, Datum: 26.10., Zeit: 19:00 Uhr, Kategorie: Kundgebung, Thema: ANTICAPITALIST-ANTIFASCIST DAS MONOPOL ZERSCHLAGEN! TOWER TO THE PEOPLE!"
0196.jpg,"
**Entit√§ten:** Ort: Friedrichstra√üe (Southseite), Datum: 21.12., Zeit: 18:00 Uhr"
0197.jpg,"
- Ort: VORTREFFPUNKT DEMO 12:00
- Datum: 22.02.25
- Zeit: 12:30 Uhr
- Kategorie: Demonstration
- Thema: Der AfD Wider-Setzen"
0198.jpg,"
Entit√§ten: Ort = Zentrum antifaschistisch ¬∑ queerfeministisch ¬∑ klimagerecht antirassistisch ¬∑ klassenk√§mpferisch, Datum = 23.02., Zeit = 15.30 Uhr, Kategorie = Feier, Thema = FIGHT AfD! SONNTAG"
0199.jpg,"**Ort:** Schiffbauerdamm 1, **Datum:** 22.02.25, **Zeit:** 11:30 Uhr, **Kategorie:** Kundgebung, **Thema:** Schwei√üputzer"
0200.jpg,"
Entit√§ten: Ort (NEIN ZUR AFD!), Datum (21.12.), Zeit (19 Uhr), Kategorie (Kundgebung), Thema (AFD Abschluss & Politik)"
0201.jpg,"**Ort:** Stra√üen mit Hausnummern 15, 22
**Datum:** 09.02.
**Zeit:** 19 Uhr
**Kategorie:** Kundgebung
**Thema:** Brandmauer durch Merz und Co."
0202.jpg,"**Ort:** Friedrichshain Markgrafendamm 24c & 25 Neuwahlen
**Datum:** 14.12.
**Zeit:** 12.30 Uhr
**Kategorie:** Kundgebung
**Thema:** Gegen Faschismus, Queer- und Frauen- Feindlichkeit!"
0203.jpg,"
Entit√§ten: S+U Bfh Warschauerstr. 29.11, 17:30h, Kundgebung, SUBKULTUR GEGEN AMAZON Dogshit Skatepark"
0204.jpg,"
Entit√§ten: Ort(Forckenbeckplatz), Datum(16.11.), Zeit(14.00 Uhr), Kategorie(Veranstaltung), Thema(transfeindlichkeit t√∂tet Neuwahlen erstrecht: k√§mpfen statt sterben!)"
0205.jpg,"
Entit√§ten: Ort(Potsdam), Datum(21.12.), Zeit(19 Uhr), Kategorie(Kundgebung), Thema(AfD-Party zur Landtagswahl)"
0206.jpg,"**Ort:** Berlin Alt-Blankenburg 12 N√§he S-Bhf. Blankenburg
            **Datum:** 21.12.
            **Zeit:** 19 Uhr
            **Veranstaltungsart:** Kundgebung
            **Thema:** AfD Wahlparty"
0207.jpg,"
Entit√§ten: Frankfurt, 16. August, 15:30 Uhr, Kundgebung, Sch√∂nung ohne AfD"
0208.jpg,"
**Entit√§ten:** Ort: Falkensee, Datum: 21.12., Zeit: 19 Uhr, Kategorie: Demo, Thema: Startpunkt & Musik"
0209.jpg,"
- Ort: Essen
- Datum: 21.12.
- Zeit: 19 Uhr
- Kategorie: Festival
- Thema: Rave & Aktionsplenum"
0210.jpg,"
Entit√§ten: STRALAUER PLATZ (OSTBAHNHOF), Datum: 08.03.2024, Zeit: 14:00‚Äì20:00, Kategorie: Demo, Thema: SUBCULTURE AGAINST PATRIARCHY!"
0211.jpg,"

Entit√§ten: Ort (N/A), Datum (21.01.24), Zeit (16:00), Kategorie (ZUSAMMEN GEGEN RECHTS), Thema (N/A)"
0212.jpg,"

Entit√§ten: Ort(Boxhagener Platz), Datum(25. November 2023), Zeit(16:30 Uhr), Kategorie(Feier), Thema(KEINE SHOWS F√úR T√ÑTER!)"
0213.jpg,""
0214.jpg,"
| Ort | Datum | Zeit | Kategorie | Thema |
|---|---|---|---|---|
| NA | 15.07.23 | 14:30 Uhr | Kundgebung | STOMP THE PATRIARCHY |"
0215.jpg,""
0216.jpg,"
Entit√§ten: Ort(M√ºllerstra√üe 146), Datum(08.04.2023), Zeit(13 Uhr), Kategorie(Kundgebung), Thema(KRITISCHE PERSPEKTIVE AUF DEN OSTERMARSCH ‚Äô23 SAMSTAG 08.04. AB 13 UHR ‚û§ M√úLLERSTRASSE 146)"
0217.jpg,""
0218.jpg,"
Entit√§ten: Ort (Max-Schmeling-Halle), Datum (09.01.2023), Zeit (18:00 Uhr), Kategorie (Kundgebung), Thema (CAPTAIN FAIL VS. B√ñHMERMANN)"
0219.jpg,"
Entit√§ten: Stra√üenFFFest, Datum: 03.09.22, Zeit: 14:30 Uhr, Kategorie: Kundgebung, Thema: Laufdemo"
0220.jpg,""
0221.jpg,"**21.12.**, **Dienstag**, **9. November**, **Kundgebung**
            **Querschrift zum Kampf gegen Faschismus und Querfront**"
0222.jpg,"**Ort:**  O MAS GEGEN RECHTS
**Datum:**  21.12.
**Zeit:**  19 Uhr
**Kategorie:** Kundgebung
**Thema:** Wedding Questions"
0223.jpg,"
Entit√§ten: Ort (Querdenken), Datum (21.12.), Zeit (13:30 Uhr), Kategorie (Kundgebung), Thema (Querdenken Versenken von Afd)"
0224.jpg,"**21.12.**, **Dienstag**, **19 Uhr**, **Kundgebung**, **Sprachspiel**"
0225.jpg,""
0226.jpg,"
**Entit√§ten:** Ort: S+U Sch√∂nhauser Allee 13:00 Uhr, Datum: 21.12., Zeit: 19 Uhr, Kategorie: Demonstration, Thema: FEMINISM UNLIMITED DEMONSTRATION"
0227.jpg,"
Entit√§ten: Ort (N/A), Datum (8. M√ÑRZ), Zeit (19 Uhr), Kategorie (Kundgebung), Thema (RAUS ZUM FEMINISTISCHEN KAMPFTAG!)"
0228.jpg,"**21.12.**
    **Kategorie:** Kundgebung
    **Thema:** Gedenkspaziergang"
0229.jpg,"

- Ort: NA
- Datum: 18. April 2021
- Zeit: 19 Uhr
- Kategorie: Demonstration
- Thema: Politische Motivation"
0230.jpg,"
Entit√§ten: Ort (RegenbogenCaf√©), Datum (17.04.25), Zeit (19:00 Uhr), Kategorie (Kundgebung), Thema (Punkrock_Lyrik)"
0231.jpg,"
**Entit√§ten:** Ort: Di, Datum: 15. April, Zeit: 18 Uhr, Kategorie: Kundgebung, Thema: Studentliche Freiraume und Protests"
0232.jpg,"
            - Ort: Lohm√ºhle Lohm√ºhlenstra√üe 17, 12435 B
            - Datum: 13.04.25
            - Zeit: 15‚Äì21 Uhr
            - Kategorie: Diskussion, Basteln, Soli-Merch, Cr√™pes & Drinks
            - Thema: Fr√ºhlingsevent"


0233.jpg,"

Entit√§ten: U-BERNAUERSTRASSE, 05.04.2025, 15:00, Kundgebung, Kurdische Frage und Freilassung von Abdullah √ñcalan"
0234.jpg,"
Entit√§ten: Wilhelmstr. Berlin, 21.12. 19 Uhr Kundgebung Tesla Store, Kundgebung, Tesla"
0235.jpg,"
Entit√§ten: Ort (Fischladen Rigaerstr. 83), Datum (20.12.), Zeit (20:00 Uhr), Kategorie (Demonstration), Thema (Provisorischer anarchistischer Antikriegsrat Berlin)"
0236.jpg,"
**Entit√§ten:** Ort (Maggie), Datum (1. April), Zeit (19:00), Kategorie (Kundgebung), Thema (SANGST)"
0237.jpg,"
Entit√§ten: Ort (Justizzentrum Potsdam J√§gerallee 10-12), Datum (31. M√§rz), Zeit (12 Uhr), Kategorie (Kundgebung), Thema (Gegen Racial Profiling und Transmisogynoir)"
0238.jpg,"
Entit√§ten: Ort (BLEIBERECHTSKAMPF), Datum (18.03.), Zeit (18:00 - 20.00), Kategorie (FLINTA), Thema (THEM PRETTY SONGS)"
0239.jpg,"
Entit√§ten: Ort (Volksbuhne), Datum (24.11.), Zeit (21 Uhr), Kategorie (Kundgebung), Thema (PUNK Abend)"
0240.jpg,"
Entit√§ten: Ort = Bebelplatz, Datum = 13.10.2019, Zeit = 13 Uhr, Kategorie = Demonstration, Thema = Antisemitismus und Rassismus t√∂ten"
0241.jpg,"

Entit√§ten: Ort(Rosa-Luxemburg-Platz 14), Datum(21.12.2020), Zeit(19 Uhr), Kategorie(Kundgebung), Thema(Demokratischer Widerstand)"
0242.jpg,"
Entit√§ten: Antonplatz KEINEN RAUM DEM III. WEG!, 06.10.2024, 13 Uhr, Demonstration, Stoppt die Nazikampf- trainings"
